# GrantSpotter — every value the shipped seed corpus has ever carried, by digest.
#
# One line per (program, field, exact bytes):
#   <sha256>\t<programId>\t<path>\t<first date the corpus carried these bytes>
#
# This file is what lets a shipped data correction reach a deployment that was seeded before
# the correction existed WITHOUT overwriting anything a human changed: a field is rewritten
# only when the value it holds today hashes to a line below, which proves the bytes are ours.
# It records digests, never text — restating the sentences we are correcting would ship them
# twice. See packages/server/src/seed/shippedValues.ts and corrections.ts.
#
# GENERATED. Re-run `npm run seed:shipped-values` after ANY edit to data/seed/*.json; the file
# is a union and never forgets a digest. shippedValues.test.ts fails if you forget.
1e6bb9a8175ae7d3d1eef3e2e5c3dc408451b22bb60b07e4a0ab93d7121b8fd5	amsat-no-grants-program	amount.amountRaw	2026-08-04
e3b0c44298fc1c149afbf4c8996fb92427ae41e4649b934ca495991b7852b855	amsat-no-grants-program	amount.amountRaw	2026-08-13
903ea500e7ccf842c1312b6c2f964e3e98ff146456cecec717e9a0e122bf735f	amsat-no-grants-program	amount.awardCountRaw	2026-08-04
4f53cda18c2baa0c0354bb5f9a3ecbe5ed12ab4d8e11ba873c2f11161202b945	amsat-no-grants-program	constraints	2026-08-04
bd5ce413fd11bbee03b85b7440451e29ea28bb0d7ce50c198172f97c955bcace	amsat-no-grants-program	deadline.note	2026-08-04
4f53cda18c2baa0c0354bb5f9a3ecbe5ed12ab4d8e11ba873c2f11161202b945	amsat-no-grants-program	fundingRestrictions	2026-08-04
efcdea8f1412dc0084c76e6b3647b8d30c05ffee748d6551fee9157b26ee3caa	amsat-no-grants-program	rawOtherText	2026-08-04
dc0384ee36772e837826b01ba3652597439b7626485fd75f993cf0cc816d0cf3	amsat-no-grants-program	rawOtherText	2026-08-13
e3b0c44298fc1c149afbf4c8996fb92427ae41e4649b934ca495991b7852b855	amsat-no-grants-program	rawOtherText	2026-08-13
61c1d51bb45ab9ba4660a14f83af036821e94ff33ab02784131543dd83968345	amsat-no-grants-program	summary	2026-08-04
2c0cac08dd6f2e79da3d6c818a7b7e9b62c3d5f52d0ed17fab2f85bc338c7983	amsat-no-grants-program	summary	2026-08-13
3bd52c5f528dc7a9188a9a9880490c66967060aa3b386e9260fa32a002d2a5bb	ardc-grants	aiPolicy.quote	2026-08-04
7ecd53d4d279edb3c7f93093583826f558491bd7293988199e3a202e578c76a9	ardc-grants	amount.amountRaw	2026-08-04
fcf29aecbd20dcf7eb10ae120ab02f93014426533a2c125271c1e4ebe395abda	ardc-grants	amount.amountRaw	2026-08-13
d6cde90bd4de8380fbde7b24a630d7d390a02520982c878acff2372097257c50	ardc-grants	amount.awardCountRaw	2026-08-04
dc9ed5d2df812e73e6c3e8bc7f938d1819f88d8b1e0e66bed813ecdf991563b8	ardc-grants	constraints	2026-08-04
587cfc5530428bf0012f40263a41771c30eadccd70a6e22807e7e8a3eb261e4e	ardc-grants	constraints	2026-08-14
6c8d1386d9cbc544502fcc3b0b6eec6a9305cf409dd97c827acbbfb549bc6de7	ardc-grants	constraints	2026-08-14
cf226090eebafab4bed87a542cad6a6312e63e8e0590c23e8dba858328ace735	ardc-grants	deadline.note	2026-08-04
d70c788fc8d1eed7d83c0ea4015b267d22e5c079fe6acbcdad4c32bc384f63df	ardc-grants	fundingRestrictions	2026-08-04
e1c8b8c25e9e75afad45ba023b91debb31e89517e7917b46815d175091412f85	ardc-grants	rawOtherText	2026-08-04
a966a51dc9f0b8ebe66c4d354c47c54a9d87a50f125ccc07b5ca84c57404675e	ardc-grants	rawOtherText	2026-08-13
e6bc1d67c4e535bc214b05aa13817001bc32c8aaf40a8ae9d2fb73cedc04dc23	ardc-grants	rawOtherText	2026-08-13
8fc9aa5f811617e91183c7a24d9d5d94bd03011690b03fc8bbbfa714b1a4f58c	ardc-grants	summary	2026-08-04
47117491f428a49c0cdb38d1b1ae40a02ce21eb2c1351f12705951b39209dfd5	ardc-grants	summary	2026-08-13
bbe1ff4a4138edac16cf2f4a66c90733dd5c84507d002e6d3e3ea117b423d59e	ariss-iss-contact	amount.amountRaw	2026-08-04
a4d74dff0be5e55098e1be2a21bddfb2278afdc7afdd0fa3c61633361c33111b	ariss-iss-contact	amount.awardCountRaw	2026-08-04
e3b0c44298fc1c149afbf4c8996fb92427ae41e4649b934ca495991b7852b855	ariss-iss-contact	amount.awardCountRaw	2026-08-13
afa2bb3ff627e1d6fe31d428ab988df1cdc772ad95ca9043b0ec4632f0acc2d9	ariss-iss-contact	constraints	2026-08-04
f760c0cf986e56cd20bd17da748e49e438bd4e3c9001a7dee60e3e344b266876	ariss-iss-contact	constraints	2026-08-14
ca7b14cb115643d8e2e04477db56ff40b5623b97739b752d854e654984aed15e	ariss-iss-contact	deadline.note	2026-08-04
4559f6e819cb29b872f15c9037aecf5fe40dc400cd196cc9c4c20676535f1775	ariss-iss-contact	fundingRestrictions	2026-08-04
d72bc958f5a592c39e6600c639d85e0a4f5a8aae7a656d1c3f7acfc368f85a40	ariss-iss-contact	rawOtherText	2026-08-04
0aabc27a4d61f4aadeee490077d8a2a631674106529d898edfeea9cb11fe957f	ariss-iss-contact	rawOtherText	2026-08-13
7298abed33f92149645262e8deeea004e77a4bfbb12e548765a9ec0796c9ddfd	ariss-iss-contact	summary	2026-08-04
2893fc74f7d77940dd650ec78c83df3d2fbee469d4125b8bc06a8cf6d6c68f8d	arrl-amateur-radio-grants	amount.amountRaw	2026-08-04
84666272f032dd4589f80bb5b26f6d2c3ab7790e809996679ec30ac352d757f5	arrl-amateur-radio-grants	amount.amountRaw	2026-08-13
16e318eab19b9df01f8deb7fc1c782c20a46a7c1eca452e860fe976fe02c67cf	arrl-amateur-radio-grants	amount.awardCountRaw	2026-08-04
9efff2162919a2a6b1e4a9cb86398eafbb3eaef6f8499be336ab686a0ef72c87	arrl-amateur-radio-grants	constraints	2026-08-04
c0bc228722b131b1ce473d2772bbdede6160ac0e7a090c49a59056887f9b9a7e	arrl-amateur-radio-grants	constraints	2026-08-14
b796d13f7081084a638d300475563b4ec27c970e9da6097903d46836579d9140	arrl-amateur-radio-grants	deadline.note	2026-08-04
fee79d06fc1f595f937e7f2e13a253b3e67c9de0aeb8d2e5e9625b639cbfdf3a	arrl-amateur-radio-grants	fundingRestrictions	2026-08-04
e2172f4dbd16644d4b9a9f10aa9c6d34ee221ad4f80d0bf280099a55fe402852	arrl-amateur-radio-grants	rawOtherText	2026-08-04
64b53d8ad7c73545ffa3306295ca89663e8782b32950e4d019a1e5302fc5d8e2	arrl-amateur-radio-grants	rawOtherText	2026-08-13
e3b0c44298fc1c149afbf4c8996fb92427ae41e4649b934ca495991b7852b855	arrl-amateur-radio-grants	rawOtherText	2026-08-13
a63cb499bfc85070475906e692740d260aeea68452e309eef177c6be6851696d	arrl-amateur-radio-grants	summary	2026-08-04
5474e400b08943baf0638e2a108bc78f066a471bbc69ce65cce3879d3b04c664	arrl-amateur-radio-grants	summary	2026-08-13
c6cc49cc9c4ade606f595225e4c3f14bd19a98084a0078b7a4bb92320039c054	arrl-cari-not-a-funding-program	amount.amountRaw	2026-08-04
e3b0c44298fc1c149afbf4c8996fb92427ae41e4649b934ca495991b7852b855	arrl-cari-not-a-funding-program	amount.amountRaw	2026-08-13
903ea500e7ccf842c1312b6c2f964e3e98ff146456cecec717e9a0e122bf735f	arrl-cari-not-a-funding-program	amount.awardCountRaw	2026-08-04
4f53cda18c2baa0c0354bb5f9a3ecbe5ed12ab4d8e11ba873c2f11161202b945	arrl-cari-not-a-funding-program	constraints	2026-08-04
cc4ae7ee07066fe3a0698ade20577c1719c8acd9e0517c04888314311838b638	arrl-cari-not-a-funding-program	deadline.note	2026-08-04
4f53cda18c2baa0c0354bb5f9a3ecbe5ed12ab4d8e11ba873c2f11161202b945	arrl-cari-not-a-funding-program	fundingRestrictions	2026-08-04
9bca711a5f88e34241e78984b605b45716948c624c65ee73adc55c6c348e3d10	arrl-cari-not-a-funding-program	rawOtherText	2026-08-04
0cd858ec4678fe971d1b2ea07a781283d9b5e8b6d81a1fe3c86e0de65229be1a	arrl-cari-not-a-funding-program	rawOtherText	2026-08-13
e3b0c44298fc1c149afbf4c8996fb92427ae41e4649b934ca495991b7852b855	arrl-cari-not-a-funding-program	rawOtherText	2026-08-13
f30e7cf83b7f1693546ca0350e07b983ddfc4741d413dd9042eaded808da1df1	arrl-cari-not-a-funding-program	summary	2026-08-04
2a836fb0444cd07cecb3c20a62f62096beb1f67b32ba2885420466134243c527	arrl-cari-not-a-funding-program	summary	2026-08-13
3bdc265ec82d37abef16f5ea22fb286778970546d19760880e5aa055c38e7c3b	arrl-cat-irarc-memorial-joseph-p-rubino-wa4mmd-scholarship	amount.amountRaw	2026-08-04
0ad97fc86d4be073e7a9dc27b28553cf3b5a065baf15b1cb56658ffe4e0987e3	arrl-cat-irarc-memorial-joseph-p-rubino-wa4mmd-scholarship	amount.awardCountRaw	2026-08-04
40aa26b2ddd94ef1f35c305afb61a51a5b77ba4a1d457349d27b7ac274e397e3	arrl-cat-irarc-memorial-joseph-p-rubino-wa4mmd-scholarship	constraints	2026-08-04
36af8b5aca51a485849570a2c631b98c0bb9f1efd84607636113fe0c50523d32	arrl-cat-irarc-memorial-joseph-p-rubino-wa4mmd-scholarship	constraints	2026-08-12
d4dfd31bd4a4d9715c4397e7b1eb47348a105db1e8ce8903ba4e23210dc906ac	arrl-cat-irarc-memorial-joseph-p-rubino-wa4mmd-scholarship	constraints	2026-08-12
0be5bdac8c035eb553a62df2baa03a45d65803f8477acafe7e29ee75cb01b8d5	arrl-cat-irarc-memorial-joseph-p-rubino-wa4mmd-scholarship	deadline.note	2026-08-04
4f53cda18c2baa0c0354bb5f9a3ecbe5ed12ab4d8e11ba873c2f11161202b945	arrl-cat-irarc-memorial-joseph-p-rubino-wa4mmd-scholarship	fundingRestrictions	2026-08-04
7ca4a02daf2f611294916df368e02e22238829541315fabdd5fe11bf6e53f845	arrl-cat-irarc-memorial-joseph-p-rubino-wa4mmd-scholarship	rawOtherText	2026-08-04
3b3c18bf6fefd59f4e2d92f9cb6b127c815700e5cde87a2e8b0d4ae2f62044ef	arrl-cat-irarc-memorial-joseph-p-rubino-wa4mmd-scholarship	summary	2026-08-04
50e5c930578954e631f9c75bfe0ef0b7d0f0b5c27638d20ec1049649881f0acc	arrl-cat-the-10-10-international-scholarships	amount.amountRaw	2026-08-04
926f52d1c1e19c0c58a7d39bf234a0d239352f5acfa26c73989d9c3845614999	arrl-cat-the-10-10-international-scholarships	amount.awardCountRaw	2026-08-04
1300da9802b67be8445f77ce4267c43d875677b9687a9e735c317c554d7d2071	arrl-cat-the-10-10-international-scholarships	constraints	2026-08-04
0be5bdac8c035eb553a62df2baa03a45d65803f8477acafe7e29ee75cb01b8d5	arrl-cat-the-10-10-international-scholarships	deadline.note	2026-08-04
4f53cda18c2baa0c0354bb5f9a3ecbe5ed12ab4d8e11ba873c2f11161202b945	arrl-cat-the-10-10-international-scholarships	fundingRestrictions	2026-08-04
c891afdc87b7b43cd49ec644ff71b4d2c590e6c00d5f855dc04a6b575cff215c	arrl-cat-the-10-10-international-scholarships	rawOtherText	2026-08-04
b00994708f885d11879a68ad0bd09c92d113e93c18b1ee4cc2f0bb46949dae1e	arrl-cat-the-10-10-international-scholarships	summary	2026-08-04
5101c9638b2d2781151db487a22ab4407af938151d891f67c126136f30a0aae9	arrl-cat-the-alan-g-thorpe-k1tmw-memorial-scholarship	amount.amountRaw	2026-08-04
2872705f1ed8dcbb15a5eabc92af579995868ed3ba23689f8fe190fa6838262c	arrl-cat-the-alan-g-thorpe-k1tmw-memorial-scholarship	amount.awardCountRaw	2026-08-04
27f4d0c777293ada088a3a8e988a6fe4b68b7bc181785bc8b66805893973d464	arrl-cat-the-alan-g-thorpe-k1tmw-memorial-scholarship	constraints	2026-08-04
4024b018f19668c4af4f9a7c0eacfcd77c94a1c5c42f5c6be1daa121c6e3c354	arrl-cat-the-alan-g-thorpe-k1tmw-memorial-scholarship	constraints	2026-08-12
74e7a75abe8c3e94c3e05d6177cb7c6f938fd7d8c5f79cb60b0c92d3cca6f2d3	arrl-cat-the-alan-g-thorpe-k1tmw-memorial-scholarship	constraints	2026-08-12
0be5bdac8c035eb553a62df2baa03a45d65803f8477acafe7e29ee75cb01b8d5	arrl-cat-the-alan-g-thorpe-k1tmw-memorial-scholarship	deadline.note	2026-08-04
4f53cda18c2baa0c0354bb5f9a3ecbe5ed12ab4d8e11ba873c2f11161202b945	arrl-cat-the-alan-g-thorpe-k1tmw-memorial-scholarship	fundingRestrictions	2026-08-04
2f1256574cb57e5925202d263bf0b99ef8f25ee982306ad70fe7c83178d41ec3	arrl-cat-the-alan-g-thorpe-k1tmw-memorial-scholarship	rawOtherText	2026-08-04
79da30fd94b0b352b14a3f7992285bf8244372a1cd71b12ff2b9660dbcdc532a	arrl-cat-the-alan-g-thorpe-k1tmw-memorial-scholarship	summary	2026-08-04
9268d0f3ef03795caf9a49883e4557382c23b99292886f428e0c8742eaa2929c	arrl-cat-the-alfred-e-friend-jr-w4cf-memorial-scholarship	amount.amountRaw	2026-08-04
2872705f1ed8dcbb15a5eabc92af579995868ed3ba23689f8fe190fa6838262c	arrl-cat-the-alfred-e-friend-jr-w4cf-memorial-scholarship	amount.awardCountRaw	2026-08-04
95642832cfe3335ae67c19ac70b53598bcd03644b436c9c7d6d9698317d76006	arrl-cat-the-alfred-e-friend-jr-w4cf-memorial-scholarship	constraints	2026-08-04
ceeba5eb4170a9b3f50e3c2fb3f57ddf7c88f20f5c76cd5f89381fc032d13e46	arrl-cat-the-alfred-e-friend-jr-w4cf-memorial-scholarship	constraints	2026-08-12
0be5bdac8c035eb553a62df2baa03a45d65803f8477acafe7e29ee75cb01b8d5	arrl-cat-the-alfred-e-friend-jr-w4cf-memorial-scholarship	deadline.note	2026-08-04
4f53cda18c2baa0c0354bb5f9a3ecbe5ed12ab4d8e11ba873c2f11161202b945	arrl-cat-the-alfred-e-friend-jr-w4cf-memorial-scholarship	fundingRestrictions	2026-08-04
431384401c322c47a5b5602c438bbf6e9edde7bcce6b458a57c47639ad355666	arrl-cat-the-alfred-e-friend-jr-w4cf-memorial-scholarship	rawOtherText	2026-08-04
aa727d64936a996092d2ed6aec3451cf577b1ec3527278792312c9a4882f3abf	arrl-cat-the-alfred-e-friend-jr-w4cf-memorial-scholarship	summary	2026-08-04
15aebe143a3514d046ba2ba2236f53f3c0599dcc3a9a77ca2d312cad6e661831	arrl-cat-the-allen-and-bertha-watson-memorial-scholarship	amount.amountRaw	2026-08-04
2872705f1ed8dcbb15a5eabc92af579995868ed3ba23689f8fe190fa6838262c	arrl-cat-the-allen-and-bertha-watson-memorial-scholarship	amount.awardCountRaw	2026-08-04
1e7b3ce528904e81e6ac4854eddd432d18bdfc2398aeff01c64143e092c3ee35	arrl-cat-the-allen-and-bertha-watson-memorial-scholarship	constraints	2026-08-04
c522b5b4e49837d3c9021dbb755efb20ef3937eafa3050699edf913d4552a4a8	arrl-cat-the-allen-and-bertha-watson-memorial-scholarship	constraints	2026-08-12
fe721720898b058b6ecb61eedcad35dac66865d95c04bb880805a1dbdd5c7d78	arrl-cat-the-allen-and-bertha-watson-memorial-scholarship	constraints	2026-08-12
0be5bdac8c035eb553a62df2baa03a45d65803f8477acafe7e29ee75cb01b8d5	arrl-cat-the-allen-and-bertha-watson-memorial-scholarship	deadline.note	2026-08-04
4f53cda18c2baa0c0354bb5f9a3ecbe5ed12ab4d8e11ba873c2f11161202b945	arrl-cat-the-allen-and-bertha-watson-memorial-scholarship	fundingRestrictions	2026-08-04
32542d244b963c9c09a7067813e42dba82cac826c399059f8fff6d11643a96c1	arrl-cat-the-allen-and-bertha-watson-memorial-scholarship	rawOtherText	2026-08-04
7298c168c95f0da784823ea422d5d176c67643ac9d9e7c32c1e98718d4e2aab7	arrl-cat-the-allen-and-bertha-watson-memorial-scholarship	summary	2026-08-04
ea968a44cefd80f57b067523800fb8b62db1c57b5974127d7ee7a109273ab3c0	arrl-cat-the-amateur-radio-digital-communications-ardc-scholarships	amount.amountRaw	2026-08-04
e3b0c44298fc1c149afbf4c8996fb92427ae41e4649b934ca495991b7852b855	arrl-cat-the-amateur-radio-digital-communications-ardc-scholarships	amount.awardCountRaw	2026-08-04
c0608309ccaa9d6e4d95fa211baa9d09654400bc23298ff78f4305052bcae03e	arrl-cat-the-amateur-radio-digital-communications-ardc-scholarships	constraints	2026-08-04
2c8ba16415b7913090f201fe346f013de94faa14d6f60a081f4f494debef86b3	arrl-cat-the-amateur-radio-digital-communications-ardc-scholarships	constraints	2026-08-12
0be5bdac8c035eb553a62df2baa03a45d65803f8477acafe7e29ee75cb01b8d5	arrl-cat-the-amateur-radio-digital-communications-ardc-scholarships	deadline.note	2026-08-04
4f53cda18c2baa0c0354bb5f9a3ecbe5ed12ab4d8e11ba873c2f11161202b945	arrl-cat-the-amateur-radio-digital-communications-ardc-scholarships	fundingRestrictions	2026-08-04
127019f266c5b0479afb9d334b583b0fd76922a216a40eb3c4b3acc2025df99c	arrl-cat-the-amateur-radio-digital-communications-ardc-scholarships	rawOtherText	2026-08-04
71443f21dcaebfcda04255de8e31f6220ad7bb7701a3aa1a98745aef1cd2eb30	arrl-cat-the-amateur-radio-digital-communications-ardc-scholarships	summary	2026-08-04
5101c9638b2d2781151db487a22ab4407af938151d891f67c126136f30a0aae9	arrl-cat-the-anthony-j-tony-medeiros-jr-w1pm-scholarship	amount.amountRaw	2026-08-04
2872705f1ed8dcbb15a5eabc92af579995868ed3ba23689f8fe190fa6838262c	arrl-cat-the-anthony-j-tony-medeiros-jr-w1pm-scholarship	amount.awardCountRaw	2026-08-04
79c4df07005865b6ecd41392ae2784d389d374763dd80ca66d7bf3affbd45bf8	arrl-cat-the-anthony-j-tony-medeiros-jr-w1pm-scholarship	constraints	2026-08-04
0be5bdac8c035eb553a62df2baa03a45d65803f8477acafe7e29ee75cb01b8d5	arrl-cat-the-anthony-j-tony-medeiros-jr-w1pm-scholarship	deadline.note	2026-08-04
4f53cda18c2baa0c0354bb5f9a3ecbe5ed12ab4d8e11ba873c2f11161202b945	arrl-cat-the-anthony-j-tony-medeiros-jr-w1pm-scholarship	fundingRestrictions	2026-08-04
ed24a63bf78752b96be3a016648560334c099ba2bae62057d44c72ad2f4ea95c	arrl-cat-the-anthony-j-tony-medeiros-jr-w1pm-scholarship	rawOtherText	2026-08-04
0badc57c6b5360c553cb1ce7079b36a8b1d11a803cd39c9680a2631f024e1182	arrl-cat-the-anthony-j-tony-medeiros-jr-w1pm-scholarship	summary	2026-08-04
4ccb899062c0080a49b32fba5350bd1bf6529bff1c9cb228b2c2bfbe50dc5cfc	arrl-cat-the-arrl-general-fund-scholarship	amount.amountRaw	2026-08-04
94b195a5ddaa9bd417891897ee1ac88da6c1d3774939031d34f0d81e0d26e0c0	arrl-cat-the-arrl-general-fund-scholarship	amount.awardCountRaw	2026-08-04
14b558d42b861a14cbdbc04baa9f50bec0cde5734aa9ef50842cca68d043a6e6	arrl-cat-the-arrl-general-fund-scholarship	constraints	2026-08-04
0be5bdac8c035eb553a62df2baa03a45d65803f8477acafe7e29ee75cb01b8d5	arrl-cat-the-arrl-general-fund-scholarship	deadline.note	2026-08-04
4f53cda18c2baa0c0354bb5f9a3ecbe5ed12ab4d8e11ba873c2f11161202b945	arrl-cat-the-arrl-general-fund-scholarship	fundingRestrictions	2026-08-04
fcbd61fcc15f7ce847babd1f909368edc4753c5a79ecee25d8b312126799a78a	arrl-cat-the-arrl-general-fund-scholarship	rawOtherText	2026-08-04
cdced56c7da5d658305a32f54be83f1f580ccb758a5aac6ea080263a35867398	arrl-cat-the-arrl-general-fund-scholarship	summary	2026-08-04
865f7595aef878282af6f9aa7978a5b2f805891d28c4694bff9dc0cb049ffedc	arrl-cat-the-arrl-rocky-mountain-division-scholarship	amount.amountRaw	2026-08-04
2872705f1ed8dcbb15a5eabc92af579995868ed3ba23689f8fe190fa6838262c	arrl-cat-the-arrl-rocky-mountain-division-scholarship	amount.awardCountRaw	2026-08-04
4b3af3c9e7e1a96f96c830487e9edf0dc8ee3d2a06e058acfdf3b80fce6c3545	arrl-cat-the-arrl-rocky-mountain-division-scholarship	constraints	2026-08-04
0be5bdac8c035eb553a62df2baa03a45d65803f8477acafe7e29ee75cb01b8d5	arrl-cat-the-arrl-rocky-mountain-division-scholarship	deadline.note	2026-08-04
4f53cda18c2baa0c0354bb5f9a3ecbe5ed12ab4d8e11ba873c2f11161202b945	arrl-cat-the-arrl-rocky-mountain-division-scholarship	fundingRestrictions	2026-08-04
81f04ee906bb5a2ebf7f0ce4e425fa60002d6a9ef22fff6e5c824e6fa759dd2c	arrl-cat-the-arrl-rocky-mountain-division-scholarship	rawOtherText	2026-08-04
1e756a12a10c1c52719a2049ce4880fab60b5c9b6eb3054702ce4bd12f5a0ceb	arrl-cat-the-arrl-rocky-mountain-division-scholarship	summary	2026-08-04
9268d0f3ef03795caf9a49883e4557382c23b99292886f428e0c8742eaa2929c	arrl-cat-the-arrl-scholarship-to-honor-barry-goldwater	amount.amountRaw	2026-08-04
2872705f1ed8dcbb15a5eabc92af579995868ed3ba23689f8fe190fa6838262c	arrl-cat-the-arrl-scholarship-to-honor-barry-goldwater	amount.awardCountRaw	2026-08-04
669034577cdb2dcc8b2a5569f1b52a1d10f35b4daadff9d441d235006bb42559	arrl-cat-the-arrl-scholarship-to-honor-barry-goldwater	constraints	2026-08-04
39bbdbafef6dffd1516a6dc4542830f09cc54c7dd8521e43f5e70c0d66bd2d56	arrl-cat-the-arrl-scholarship-to-honor-barry-goldwater	constraints	2026-08-12
5b8852aa612ff550921645a01fec0f94e4faca528d50d344350bf488fa9c8684	arrl-cat-the-arrl-scholarship-to-honor-barry-goldwater	constraints	2026-08-12
0be5bdac8c035eb553a62df2baa03a45d65803f8477acafe7e29ee75cb01b8d5	arrl-cat-the-arrl-scholarship-to-honor-barry-goldwater	deadline.note	2026-08-04
4f53cda18c2baa0c0354bb5f9a3ecbe5ed12ab4d8e11ba873c2f11161202b945	arrl-cat-the-arrl-scholarship-to-honor-barry-goldwater	fundingRestrictions	2026-08-04
232a86cbdbdf4df505375ff76e96d3c5f46db99239767bff3c7fdb0d353c1ec0	arrl-cat-the-arrl-scholarship-to-honor-barry-goldwater	rawOtherText	2026-08-04
d995d24060d4f54a8a26872e836531033fbab51c335e9b67f8eb962c404b1656	arrl-cat-the-arrl-scholarship-to-honor-barry-goldwater	summary	2026-08-04
15aebe143a3514d046ba2ba2236f53f3c0599dcc3a9a77ca2d312cad6e661831	arrl-cat-the-atlanta-radio-club-scholarship	amount.amountRaw	2026-08-04
2872705f1ed8dcbb15a5eabc92af579995868ed3ba23689f8fe190fa6838262c	arrl-cat-the-atlanta-radio-club-scholarship	amount.awardCountRaw	2026-08-04
fce17db2b95a81e34213d0f73a19b13edf8512809710c2f3f719a9dddf3d343f	arrl-cat-the-atlanta-radio-club-scholarship	constraints	2026-08-04
0a869e39addedd8d3eb5afda889ec80b4fab6f932a86b05809f9947e7bb887d2	arrl-cat-the-atlanta-radio-club-scholarship	constraints	2026-08-12
0be5bdac8c035eb553a62df2baa03a45d65803f8477acafe7e29ee75cb01b8d5	arrl-cat-the-atlanta-radio-club-scholarship	deadline.note	2026-08-04
4f53cda18c2baa0c0354bb5f9a3ecbe5ed12ab4d8e11ba873c2f11161202b945	arrl-cat-the-atlanta-radio-club-scholarship	fundingRestrictions	2026-08-04
c6eeb85c4d134c478e9916d4a466c91d005753515b79018129724987b269a412	arrl-cat-the-atlanta-radio-club-scholarship	rawOtherText	2026-08-04
24ad335f4b6bd771999b2f87228cb34bab995effea3591c559fa31260a14640c	arrl-cat-the-atlanta-radio-club-scholarship	summary	2026-08-04
5101c9638b2d2781151db487a22ab4407af938151d891f67c126136f30a0aae9	arrl-cat-the-betty-weatherford-kq6re-memorial-scholarship	amount.amountRaw	2026-08-04
2872705f1ed8dcbb15a5eabc92af579995868ed3ba23689f8fe190fa6838262c	arrl-cat-the-betty-weatherford-kq6re-memorial-scholarship	amount.awardCountRaw	2026-08-04
a88b5b212fd9bb5e8ed17b0daa26b0273be2907f918c67ed970031ca35da609f	arrl-cat-the-betty-weatherford-kq6re-memorial-scholarship	constraints	2026-08-04
0be5bdac8c035eb553a62df2baa03a45d65803f8477acafe7e29ee75cb01b8d5	arrl-cat-the-betty-weatherford-kq6re-memorial-scholarship	deadline.note	2026-08-04
4f53cda18c2baa0c0354bb5f9a3ecbe5ed12ab4d8e11ba873c2f11161202b945	arrl-cat-the-betty-weatherford-kq6re-memorial-scholarship	fundingRestrictions	2026-08-04
3e7a2170c594326c7c6ca3b8a7c015e581709bab89757a7e168ec620ed0e8999	arrl-cat-the-betty-weatherford-kq6re-memorial-scholarship	rawOtherText	2026-08-04
bd1b1d8c96c1a0dbd3981cb0b359e9a270b2a853442c2f9baaa184c332149592	arrl-cat-the-betty-weatherford-kq6re-memorial-scholarship	summary	2026-08-04
5101c9638b2d2781151db487a22ab4407af938151d891f67c126136f30a0aae9	arrl-cat-the-bill-w2onv-and-ann-salerno-memorial-scholarship	amount.amountRaw	2026-08-04
e9f249d151c09f546e17f8c39884606dd595b7b9a0f6c6f9d591806b8067c738	arrl-cat-the-bill-w2onv-and-ann-salerno-memorial-scholarship	amount.awardCountRaw	2026-08-04
57c4de1f216d6175309887b98667a24a95c28a979c27517c1ea98eb58d4a461f	arrl-cat-the-bill-w2onv-and-ann-salerno-memorial-scholarship	constraints	2026-08-04
673813be32c9a80d447aecb2f0863c23a38d726ebf6b345a54ece38126454f4c	arrl-cat-the-bill-w2onv-and-ann-salerno-memorial-scholarship	constraints	2026-08-12
cf0ffff3af1319a123c28f66d6af7f7c323b5a63ad627084d9505d8b5c36a847	arrl-cat-the-bill-w2onv-and-ann-salerno-memorial-scholarship	constraints	2026-08-12
0be5bdac8c035eb553a62df2baa03a45d65803f8477acafe7e29ee75cb01b8d5	arrl-cat-the-bill-w2onv-and-ann-salerno-memorial-scholarship	deadline.note	2026-08-04
4f53cda18c2baa0c0354bb5f9a3ecbe5ed12ab4d8e11ba873c2f11161202b945	arrl-cat-the-bill-w2onv-and-ann-salerno-memorial-scholarship	fundingRestrictions	2026-08-04
35633a48377627a0692a3e3906af12d66723fc811255d8686c91973646239657	arrl-cat-the-bill-w2onv-and-ann-salerno-memorial-scholarship	rawOtherText	2026-08-04
49a13781b5c69449a60cc93bbbef061e3dc282468a23191f436663580928e16a	arrl-cat-the-bill-w2onv-and-ann-salerno-memorial-scholarship	summary	2026-08-04
15aebe143a3514d046ba2ba2236f53f3c0599dcc3a9a77ca2d312cad6e661831	arrl-cat-the-byron-blanchard-n1ekv-memorial-scholarship	amount.amountRaw	2026-08-04
2872705f1ed8dcbb15a5eabc92af579995868ed3ba23689f8fe190fa6838262c	arrl-cat-the-byron-blanchard-n1ekv-memorial-scholarship	amount.awardCountRaw	2026-08-04
fa39126391200bd5883e07a43a5163033e87ab5b7c1f0d2f2cc1252e868e31c6	arrl-cat-the-byron-blanchard-n1ekv-memorial-scholarship	constraints	2026-08-04
0be5bdac8c035eb553a62df2baa03a45d65803f8477acafe7e29ee75cb01b8d5	arrl-cat-the-byron-blanchard-n1ekv-memorial-scholarship	deadline.note	2026-08-04
4f53cda18c2baa0c0354bb5f9a3ecbe5ed12ab4d8e11ba873c2f11161202b945	arrl-cat-the-byron-blanchard-n1ekv-memorial-scholarship	fundingRestrictions	2026-08-04
7522c2403b05a5b8312d3cd2ef753e0a05adc1d3324ecee063c33802766ed016	arrl-cat-the-byron-blanchard-n1ekv-memorial-scholarship	rawOtherText	2026-08-04
d53bc2316293ee2c0ab6d16390b45a7606afb8db3aff2e73bc58550ab142eefe	arrl-cat-the-byron-blanchard-n1ekv-memorial-scholarship	summary	2026-08-04
50e5c930578954e631f9c75bfe0ef0b7d0f0b5c27638d20ec1049649881f0acc	arrl-cat-the-cara-merit-scholarship	amount.amountRaw	2026-08-04
9ec631b68bfe328fe0e82378804c1b687a34df3974f28e38ee8cf5cb1929e5b1	arrl-cat-the-cara-merit-scholarship	amount.awardCountRaw	2026-08-04
b44b896683963536bfc28b661b198acb4d0bc87edbde8b1f644726cc6e8b31a6	arrl-cat-the-cara-merit-scholarship	constraints	2026-08-04
0be5bdac8c035eb553a62df2baa03a45d65803f8477acafe7e29ee75cb01b8d5	arrl-cat-the-cara-merit-scholarship	deadline.note	2026-08-04
4f53cda18c2baa0c0354bb5f9a3ecbe5ed12ab4d8e11ba873c2f11161202b945	arrl-cat-the-cara-merit-scholarship	fundingRestrictions	2026-08-04
9aff55e5f7bf883ba1b0787b4887ef23f862a4cfcdfe8945d5b22ec436141cb0	arrl-cat-the-cara-merit-scholarship	rawOtherText	2026-08-04
2d4d02779d88c822be53aeff4813a29a987bbfb510474b7b6825f30381014e54	arrl-cat-the-cara-merit-scholarship	summary	2026-08-04
5101c9638b2d2781151db487a22ab4407af938151d891f67c126136f30a0aae9	arrl-cat-the-carole-j-streeter-kb9jbr-scholarship	amount.amountRaw	2026-08-04
2872705f1ed8dcbb15a5eabc92af579995868ed3ba23689f8fe190fa6838262c	arrl-cat-the-carole-j-streeter-kb9jbr-scholarship	amount.awardCountRaw	2026-08-04
09e1814fcb1a4af95eaa40842dda1b57a7f0a49bd9bbf14b87586245c130e238	arrl-cat-the-carole-j-streeter-kb9jbr-scholarship	constraints	2026-08-04
aca959d0ed1b708f6051c35e35275805bd9c52ac8e760ef9a6855ff3c309d2cb	arrl-cat-the-carole-j-streeter-kb9jbr-scholarship	constraints	2026-08-12
0be5bdac8c035eb553a62df2baa03a45d65803f8477acafe7e29ee75cb01b8d5	arrl-cat-the-carole-j-streeter-kb9jbr-scholarship	deadline.note	2026-08-04
4f53cda18c2baa0c0354bb5f9a3ecbe5ed12ab4d8e11ba873c2f11161202b945	arrl-cat-the-carole-j-streeter-kb9jbr-scholarship	fundingRestrictions	2026-08-04
24747dd73535a11914988b52ccb1510c1f48d564dd8b86e00ecf869abadbcb36	arrl-cat-the-carole-j-streeter-kb9jbr-scholarship	rawOtherText	2026-08-04
1f436dfab70b8d4d5b141ce022b9c66548b3fd2ec01b7d70aac474d03d00b055	arrl-cat-the-carole-j-streeter-kb9jbr-scholarship	summary	2026-08-04
5101c9638b2d2781151db487a22ab4407af938151d891f67c126136f30a0aae9	arrl-cat-the-central-arizona-dx-association-scholarship	amount.amountRaw	2026-08-04
2872705f1ed8dcbb15a5eabc92af579995868ed3ba23689f8fe190fa6838262c	arrl-cat-the-central-arizona-dx-association-scholarship	amount.awardCountRaw	2026-08-04
032b205db4f78a46994de63aada7e99baf9b3142303a152d3e149af1438ad392	arrl-cat-the-central-arizona-dx-association-scholarship	constraints	2026-08-04
0be5bdac8c035eb553a62df2baa03a45d65803f8477acafe7e29ee75cb01b8d5	arrl-cat-the-central-arizona-dx-association-scholarship	deadline.note	2026-08-04
4f53cda18c2baa0c0354bb5f9a3ecbe5ed12ab4d8e11ba873c2f11161202b945	arrl-cat-the-central-arizona-dx-association-scholarship	fundingRestrictions	2026-08-04
7b7caa584c69a84913cc34c57e21acd716b580b2796655def3413a6b38c8a6bb	arrl-cat-the-central-arizona-dx-association-scholarship	rawOtherText	2026-08-04
be0c1dd37b0e01c3252bdc765cb6a7430885d97824165ec5edd390c8c4e5c434	arrl-cat-the-central-arizona-dx-association-scholarship	summary	2026-08-04
15aebe143a3514d046ba2ba2236f53f3c0599dcc3a9a77ca2d312cad6e661831	arrl-cat-the-challenge-met-scholarship	amount.amountRaw	2026-08-04
2872705f1ed8dcbb15a5eabc92af579995868ed3ba23689f8fe190fa6838262c	arrl-cat-the-challenge-met-scholarship	amount.awardCountRaw	2026-08-04
499527c59a23334f00dbf8534a867e4ba723a3346ce902c31e207c88d3665fd3	arrl-cat-the-challenge-met-scholarship	constraints	2026-08-04
0be5bdac8c035eb553a62df2baa03a45d65803f8477acafe7e29ee75cb01b8d5	arrl-cat-the-challenge-met-scholarship	deadline.note	2026-08-04
4f53cda18c2baa0c0354bb5f9a3ecbe5ed12ab4d8e11ba873c2f11161202b945	arrl-cat-the-challenge-met-scholarship	fundingRestrictions	2026-08-04
ae46956f2ca1e288559d94269533e79d334d64e2ed08de560fc9a3fbc6428334	arrl-cat-the-challenge-met-scholarship	rawOtherText	2026-08-04
1c91e576527668bc4cb568f91960b0a61a6c67ef24f8730c808bed8e4cbbd932	arrl-cat-the-challenge-met-scholarship	summary	2026-08-04
5101c9638b2d2781151db487a22ab4407af938151d891f67c126136f30a0aae9	arrl-cat-the-charles-clarke-cordle-memorial-scholarship	amount.amountRaw	2026-08-04
2872705f1ed8dcbb15a5eabc92af579995868ed3ba23689f8fe190fa6838262c	arrl-cat-the-charles-clarke-cordle-memorial-scholarship	amount.awardCountRaw	2026-08-04
f186f7c8c00d511a601bbc0c7a7312dbe234b75db731fcaa06277c96c7b296b2	arrl-cat-the-charles-clarke-cordle-memorial-scholarship	constraints	2026-08-04
1bf884fbf345a86188262dda4b4e40a7c28d861a3541a8c7bffd8702f0c7187a	arrl-cat-the-charles-clarke-cordle-memorial-scholarship	constraints	2026-08-12
0be5bdac8c035eb553a62df2baa03a45d65803f8477acafe7e29ee75cb01b8d5	arrl-cat-the-charles-clarke-cordle-memorial-scholarship	deadline.note	2026-08-04
4f53cda18c2baa0c0354bb5f9a3ecbe5ed12ab4d8e11ba873c2f11161202b945	arrl-cat-the-charles-clarke-cordle-memorial-scholarship	fundingRestrictions	2026-08-04
7f810b9f7fca50cdf070d5faafaac39dc7e54f050d5caed9ef5856d1e3d7942a	arrl-cat-the-charles-clarke-cordle-memorial-scholarship	rawOtherText	2026-08-04
861c53107c67980539277553c8c4474ee701f40c8558c49055db8a4c762e6031	arrl-cat-the-charles-clarke-cordle-memorial-scholarship	summary	2026-08-04
5101c9638b2d2781151db487a22ab4407af938151d891f67c126136f30a0aae9	arrl-cat-the-charles-n-fisher-memorial-scholarship	amount.amountRaw	2026-08-04
2872705f1ed8dcbb15a5eabc92af579995868ed3ba23689f8fe190fa6838262c	arrl-cat-the-charles-n-fisher-memorial-scholarship	amount.awardCountRaw	2026-08-04
98657ef2dabf9cd341d6470222b44ebbdf1b779759d64198c6d43057bad0771d	arrl-cat-the-charles-n-fisher-memorial-scholarship	constraints	2026-08-04
0e85e2dcfd205279fe3f4fe998a64a5c4658c75acbafbfdf7ac6e4b0efc741f1	arrl-cat-the-charles-n-fisher-memorial-scholarship	constraints	2026-08-12
0be5bdac8c035eb553a62df2baa03a45d65803f8477acafe7e29ee75cb01b8d5	arrl-cat-the-charles-n-fisher-memorial-scholarship	deadline.note	2026-08-04
4f53cda18c2baa0c0354bb5f9a3ecbe5ed12ab4d8e11ba873c2f11161202b945	arrl-cat-the-charles-n-fisher-memorial-scholarship	fundingRestrictions	2026-08-04
fac6c9e4f53f3cdf69f4124ee3c368512d24fef5064c11f4122a1e97691b9e47	arrl-cat-the-charles-n-fisher-memorial-scholarship	rawOtherText	2026-08-04
9b80bd5bbd598dd370b7577454fd24599cd8ba611da1d3ed547b1b190433b045	arrl-cat-the-charles-n-fisher-memorial-scholarship	summary	2026-08-04
50e5c930578954e631f9c75bfe0ef0b7d0f0b5c27638d20ec1049649881f0acc	arrl-cat-the-chick-allen-nw3y-scholarship	amount.amountRaw	2026-08-04
2872705f1ed8dcbb15a5eabc92af579995868ed3ba23689f8fe190fa6838262c	arrl-cat-the-chick-allen-nw3y-scholarship	amount.awardCountRaw	2026-08-04
58f00db6ebd606df46f2663937130da3f48792ae067c728f1141744297f399ce	arrl-cat-the-chick-allen-nw3y-scholarship	constraints	2026-08-04
f9c39e9810f6a0dee314bc9b2e38d8618cfb1f072a75bf6696fbdc228b64ad5c	arrl-cat-the-chick-allen-nw3y-scholarship	constraints	2026-08-12
0be5bdac8c035eb553a62df2baa03a45d65803f8477acafe7e29ee75cb01b8d5	arrl-cat-the-chick-allen-nw3y-scholarship	deadline.note	2026-08-04
4f53cda18c2baa0c0354bb5f9a3ecbe5ed12ab4d8e11ba873c2f11161202b945	arrl-cat-the-chick-allen-nw3y-scholarship	fundingRestrictions	2026-08-04
68b155c7fcdd149aaace9ffb0b7f5f229d8734720abfe189e53b6bcdf4b213f1	arrl-cat-the-chick-allen-nw3y-scholarship	rawOtherText	2026-08-04
acb7bbe77c581ebcf604bc8b6971ef7f771bfbc58e82a2d593ee90c15935ab67	arrl-cat-the-chick-allen-nw3y-scholarship	summary	2026-08-04
5101c9638b2d2781151db487a22ab4407af938151d891f67c126136f30a0aae9	arrl-cat-the-clive-frazier-k9fwf-scholarship	amount.amountRaw	2026-08-04
e9f249d151c09f546e17f8c39884606dd595b7b9a0f6c6f9d591806b8067c738	arrl-cat-the-clive-frazier-k9fwf-scholarship	amount.awardCountRaw	2026-08-04
ac6e6e00493b9fc072a245df056447f7f6adca0a292491802113ccf2b2e7b415	arrl-cat-the-clive-frazier-k9fwf-scholarship	constraints	2026-08-04
104627e52c0932d8812ee8740bc4497d29de27fce0f6b1f5cc7252fe2520a7f7	arrl-cat-the-clive-frazier-k9fwf-scholarship	constraints	2026-08-12
0be5bdac8c035eb553a62df2baa03a45d65803f8477acafe7e29ee75cb01b8d5	arrl-cat-the-clive-frazier-k9fwf-scholarship	deadline.note	2026-08-04
4f53cda18c2baa0c0354bb5f9a3ecbe5ed12ab4d8e11ba873c2f11161202b945	arrl-cat-the-clive-frazier-k9fwf-scholarship	fundingRestrictions	2026-08-04
ba62ec7ace761726150a1d345fa3d508ab6ef3055fdcfc671f04f32ebbc3d87a	arrl-cat-the-clive-frazier-k9fwf-scholarship	rawOtherText	2026-08-04
a6fe798eaa252671236df390cd3d294651f34342a90d737454c706fcd0ac42a1	arrl-cat-the-clive-frazier-k9fwf-scholarship	summary	2026-08-04
5101c9638b2d2781151db487a22ab4407af938151d891f67c126136f30a0aae9	arrl-cat-the-ctri-chris-seeber-ka1geu-memorial-scholarship	amount.amountRaw	2026-08-04
2872705f1ed8dcbb15a5eabc92af579995868ed3ba23689f8fe190fa6838262c	arrl-cat-the-ctri-chris-seeber-ka1geu-memorial-scholarship	amount.awardCountRaw	2026-08-04
48d5d2fc81d06c3729e2acaa4e008070817a8ba269f7bfb4e8eb2b222bfe2691	arrl-cat-the-ctri-chris-seeber-ka1geu-memorial-scholarship	constraints	2026-08-04
978ce99a2a1dd1c5b73015bc8a165dd86991bd5687a31d9b931eaf5a6ceaf255	arrl-cat-the-ctri-chris-seeber-ka1geu-memorial-scholarship	constraints	2026-08-12
0be5bdac8c035eb553a62df2baa03a45d65803f8477acafe7e29ee75cb01b8d5	arrl-cat-the-ctri-chris-seeber-ka1geu-memorial-scholarship	deadline.note	2026-08-04
4f53cda18c2baa0c0354bb5f9a3ecbe5ed12ab4d8e11ba873c2f11161202b945	arrl-cat-the-ctri-chris-seeber-ka1geu-memorial-scholarship	fundingRestrictions	2026-08-04
9d271da159e9ed9f432f72fdff8794695fd10b1f7871c55eeea81a06d73e0618	arrl-cat-the-ctri-chris-seeber-ka1geu-memorial-scholarship	rawOtherText	2026-08-04
ab34574789ef147b630bf1c035faae1a0ab6b71db8c890532775ca44705aa520	arrl-cat-the-ctri-chris-seeber-ka1geu-memorial-scholarship	summary	2026-08-04
5101c9638b2d2781151db487a22ab4407af938151d891f67c126136f30a0aae9	arrl-cat-the-cwops-scholarship	amount.amountRaw	2026-08-04
2872705f1ed8dcbb15a5eabc92af579995868ed3ba23689f8fe190fa6838262c	arrl-cat-the-cwops-scholarship	amount.awardCountRaw	2026-08-04
e37dff09dde52fa1bfec19d06ac568e0345698a28c7a11e4f6241fdb91a14b8a	arrl-cat-the-cwops-scholarship	constraints	2026-08-04
ccfbf0db9b5834bb39c00abc366d01d9a5e4e2f6cf35c9890b09594e044c93e6	arrl-cat-the-cwops-scholarship	constraints	2026-08-12
0be5bdac8c035eb553a62df2baa03a45d65803f8477acafe7e29ee75cb01b8d5	arrl-cat-the-cwops-scholarship	deadline.note	2026-08-04
4f53cda18c2baa0c0354bb5f9a3ecbe5ed12ab4d8e11ba873c2f11161202b945	arrl-cat-the-cwops-scholarship	fundingRestrictions	2026-08-04
238802bd20666b7d91ad061c4d04a7de5c61f223fe9a525bee72be626f8ca2e6	arrl-cat-the-cwops-scholarship	rawOtherText	2026-08-04
7a76cf7d6ecaf57672c3b22c3ae303881a746b1f5eb09390da3f9b17acd7d4e1	arrl-cat-the-cwops-scholarship	summary	2026-08-04
50e5c930578954e631f9c75bfe0ef0b7d0f0b5c27638d20ec1049649881f0acc	arrl-cat-the-david-knaus-memorial-scholarship	amount.amountRaw	2026-08-04
2872705f1ed8dcbb15a5eabc92af579995868ed3ba23689f8fe190fa6838262c	arrl-cat-the-david-knaus-memorial-scholarship	amount.awardCountRaw	2026-08-04
221d76988e16e260463c7ba798a1868e8c2a6bb5a471e0623099817f1d6c6aa1	arrl-cat-the-david-knaus-memorial-scholarship	constraints	2026-08-04
2f405815c247f0fffb4f7e821135703d8e9d4f5ce6013bec2f366f1302fec977	arrl-cat-the-david-knaus-memorial-scholarship	constraints	2026-08-12
0be5bdac8c035eb553a62df2baa03a45d65803f8477acafe7e29ee75cb01b8d5	arrl-cat-the-david-knaus-memorial-scholarship	deadline.note	2026-08-04
4f53cda18c2baa0c0354bb5f9a3ecbe5ed12ab4d8e11ba873c2f11161202b945	arrl-cat-the-david-knaus-memorial-scholarship	fundingRestrictions	2026-08-04
d9ba7bfecd6e265782c25996e17981a979946bac7ec2af133c735eaf0a207e94	arrl-cat-the-david-knaus-memorial-scholarship	rawOtherText	2026-08-04
e458a794a7e16105d4c977065e468ea8b1f6c533135e35d37e20cfeb06ad413c	arrl-cat-the-david-knaus-memorial-scholarship	summary	2026-08-04
f479335aedf0d3a8139c1cea6585d38074eaafd812534da4bc42b477645ca0a9	arrl-cat-the-dayton-amateur-radio-association-scholarship	amount.amountRaw	2026-08-04
94b195a5ddaa9bd417891897ee1ac88da6c1d3774939031d34f0d81e0d26e0c0	arrl-cat-the-dayton-amateur-radio-association-scholarship	amount.awardCountRaw	2026-08-04
38969116e246adff552f6ee7b38aa4bbf58cec795cf10d2ecabfec4e836874de	arrl-cat-the-dayton-amateur-radio-association-scholarship	constraints	2026-08-04
d381ca3314caab8ade2b55d137c4432ae2ffabebadd24e100266b1c260c44ba8	arrl-cat-the-dayton-amateur-radio-association-scholarship	constraints	2026-08-12
f03f69396e8d10bcc41ca75a81e62fd7959fb78afdf0aeb6ca037d325071c7de	arrl-cat-the-dayton-amateur-radio-association-scholarship	constraints	2026-08-12
0be5bdac8c035eb553a62df2baa03a45d65803f8477acafe7e29ee75cb01b8d5	arrl-cat-the-dayton-amateur-radio-association-scholarship	deadline.note	2026-08-04
4f53cda18c2baa0c0354bb5f9a3ecbe5ed12ab4d8e11ba873c2f11161202b945	arrl-cat-the-dayton-amateur-radio-association-scholarship	fundingRestrictions	2026-08-04
b56ea21ba199eaa789506d880ae0b2fb149a6b2305444691777a43e0dccfabcf	arrl-cat-the-dayton-amateur-radio-association-scholarship	rawOtherText	2026-08-04
20a066fb099bf8c87b25cdfbc10b30f0480b66a246bbc0d6731ca31eede0b8d5	arrl-cat-the-dayton-amateur-radio-association-scholarship	summary	2026-08-04
5101c9638b2d2781151db487a22ab4407af938151d891f67c126136f30a0aae9	arrl-cat-the-don-riebhoff-memorial-scholarship	amount.amountRaw	2026-08-04
2872705f1ed8dcbb15a5eabc92af579995868ed3ba23689f8fe190fa6838262c	arrl-cat-the-don-riebhoff-memorial-scholarship	amount.awardCountRaw	2026-08-04
c16dc51a00076a649299457bdb98d0c6f1586f26f42ddbd0503a6c2c0b29470a	arrl-cat-the-don-riebhoff-memorial-scholarship	constraints	2026-08-04
0be5bdac8c035eb553a62df2baa03a45d65803f8477acafe7e29ee75cb01b8d5	arrl-cat-the-don-riebhoff-memorial-scholarship	deadline.note	2026-08-04
4f53cda18c2baa0c0354bb5f9a3ecbe5ed12ab4d8e11ba873c2f11161202b945	arrl-cat-the-don-riebhoff-memorial-scholarship	fundingRestrictions	2026-08-04
0ea3a49e9fc0f213f3d0c50672d5e28d06ed85539d9f1eb072e34dad21bafdc2	arrl-cat-the-don-riebhoff-memorial-scholarship	rawOtherText	2026-08-04
ccf3b68f7b319476309e251836378940021618a0ac1bb469bf61276b6d222b74	arrl-cat-the-don-riebhoff-memorial-scholarship	summary	2026-08-04
d7c2f19257f0c5f31dfe20885459483e1781e72e9d6103607b47d30bcf88314a	arrl-cat-the-donald-e-daze-n5dd-and-amy-r-daze-kc5dji-scholarship	amount.amountRaw	2026-08-04
2872705f1ed8dcbb15a5eabc92af579995868ed3ba23689f8fe190fa6838262c	arrl-cat-the-donald-e-daze-n5dd-and-amy-r-daze-kc5dji-scholarship	amount.awardCountRaw	2026-08-04
98998ccde80e5adefaf754cc3c0175d264129b218ca7f4f40293b3d949ee8a56	arrl-cat-the-donald-e-daze-n5dd-and-amy-r-daze-kc5dji-scholarship	constraints	2026-08-04
888c6e44d47acca2d18a19cbd2af6e608b6d5245baa925c7dbe3d8cad0d4e629	arrl-cat-the-donald-e-daze-n5dd-and-amy-r-daze-kc5dji-scholarship	constraints	2026-08-12
d1547cf772f4702627ada5a1c76e694dc0a698e636a3c55ac0511b5ae4522ac4	arrl-cat-the-donald-e-daze-n5dd-and-amy-r-daze-kc5dji-scholarship	constraints	2026-08-12
0be5bdac8c035eb553a62df2baa03a45d65803f8477acafe7e29ee75cb01b8d5	arrl-cat-the-donald-e-daze-n5dd-and-amy-r-daze-kc5dji-scholarship	deadline.note	2026-08-04
4f53cda18c2baa0c0354bb5f9a3ecbe5ed12ab4d8e11ba873c2f11161202b945	arrl-cat-the-donald-e-daze-n5dd-and-amy-r-daze-kc5dji-scholarship	fundingRestrictions	2026-08-04
e8b1d5da38f8c0549d02085308420da494e56e6639dce3ff742f64238c2cf7cf	arrl-cat-the-donald-e-daze-n5dd-and-amy-r-daze-kc5dji-scholarship	rawOtherText	2026-08-04
0be9b0de34c4b4c51c34d583b4b7a59b277a891c6e66f0fb5174180c6c93a147	arrl-cat-the-donald-e-daze-n5dd-and-amy-r-daze-kc5dji-scholarship	summary	2026-08-04
5101c9638b2d2781151db487a22ab4407af938151d891f67c126136f30a0aae9	arrl-cat-the-dr-james-l-lawson-memorial-scholarship	amount.amountRaw	2026-08-04
2872705f1ed8dcbb15a5eabc92af579995868ed3ba23689f8fe190fa6838262c	arrl-cat-the-dr-james-l-lawson-memorial-scholarship	amount.awardCountRaw	2026-08-04
7b156e36399aa70a60ae73c00a5cf4e46633ab5db82d3e4e60e5cad0fca1c5f4	arrl-cat-the-dr-james-l-lawson-memorial-scholarship	constraints	2026-08-04
de52750fc358903d83cb8c66ac20768a5e9a7b0a6c36f3372159c9b50d71729b	arrl-cat-the-dr-james-l-lawson-memorial-scholarship	constraints	2026-08-12
0be5bdac8c035eb553a62df2baa03a45d65803f8477acafe7e29ee75cb01b8d5	arrl-cat-the-dr-james-l-lawson-memorial-scholarship	deadline.note	2026-08-04
4f53cda18c2baa0c0354bb5f9a3ecbe5ed12ab4d8e11ba873c2f11161202b945	arrl-cat-the-dr-james-l-lawson-memorial-scholarship	fundingRestrictions	2026-08-04
aaa82bf96386dcae816c8004cbf8946f61a3e8fad7b9048ad674892f407d46c5	arrl-cat-the-dr-james-l-lawson-memorial-scholarship	rawOtherText	2026-08-04
53e5cbbaf9518ed9888ef802ec8c8ac7a8b3a3be786ffe43174354978ac1768d	arrl-cat-the-dr-james-l-lawson-memorial-scholarship	summary	2026-08-04
2d2f1fda764e775a913c7535d00376a90869b01f160345e6740ad13624765309	arrl-cat-the-east-coast-amateur-radio-service-ecars-scholarship	amount.amountRaw	2026-08-04
d774bffa26c2eb99687eb53e24c9bff964181ac45d161103a2c9cdb750e52219	arrl-cat-the-east-coast-amateur-radio-service-ecars-scholarship	amount.awardCountRaw	2026-08-04
5c7980d558b9f963f74657ffec0340f1168b0c713ca5cef29526286df7eddb72	arrl-cat-the-east-coast-amateur-radio-service-ecars-scholarship	constraints	2026-08-04
8c362e3be86a3277a5d90027f197054dc5a169a5021f7e5ba27f6482b69c4706	arrl-cat-the-east-coast-amateur-radio-service-ecars-scholarship	constraints	2026-08-12
f13dfc3356df3413315bb3354e1638449ef0097a67ead8170325d9a995308053	arrl-cat-the-east-coast-amateur-radio-service-ecars-scholarship	constraints	2026-08-12
0be5bdac8c035eb553a62df2baa03a45d65803f8477acafe7e29ee75cb01b8d5	arrl-cat-the-east-coast-amateur-radio-service-ecars-scholarship	deadline.note	2026-08-04
4f53cda18c2baa0c0354bb5f9a3ecbe5ed12ab4d8e11ba873c2f11161202b945	arrl-cat-the-east-coast-amateur-radio-service-ecars-scholarship	fundingRestrictions	2026-08-04
02b4e7b4177cc8dd752ea123c6f552cc4f14478fbe0307d02c6b8f732c7b3953	arrl-cat-the-east-coast-amateur-radio-service-ecars-scholarship	rawOtherText	2026-08-04
8b7383ec6fb8aa90a6c4a0698a8745c664c73a96c78506609e48157f6ddd0091	arrl-cat-the-east-coast-amateur-radio-service-ecars-scholarship	summary	2026-08-04
15aebe143a3514d046ba2ba2236f53f3c0599dcc3a9a77ca2d312cad6e661831	arrl-cat-the-edmond-a-metzger-scholarship	amount.amountRaw	2026-08-04
2872705f1ed8dcbb15a5eabc92af579995868ed3ba23689f8fe190fa6838262c	arrl-cat-the-edmond-a-metzger-scholarship	amount.awardCountRaw	2026-08-04
a455aba13f67e7579d81befb38e7ac30e84814724c65b76120d8ff0ab761c252	arrl-cat-the-edmond-a-metzger-scholarship	constraints	2026-08-04
0be5bdac8c035eb553a62df2baa03a45d65803f8477acafe7e29ee75cb01b8d5	arrl-cat-the-edmond-a-metzger-scholarship	deadline.note	2026-08-04
4f53cda18c2baa0c0354bb5f9a3ecbe5ed12ab4d8e11ba873c2f11161202b945	arrl-cat-the-edmond-a-metzger-scholarship	fundingRestrictions	2026-08-04
939186d39a96006f4ddbb96ca458a8c441869698a1a0fb253e7c39143cb59243	arrl-cat-the-edmond-a-metzger-scholarship	rawOtherText	2026-08-04
6e0af40dd0e55dbe56e98da9892c89c41e5291e0f4d689f0bfe23bf792a2d420	arrl-cat-the-edmond-a-metzger-scholarship	summary	2026-08-04
f99516d0b5ecc4dd4d25f852563bff68064313f65e99cecb1a187b785ca7e376	arrl-cat-the-ernest-l-baulch-w2tx-and-marcia-e-baulch-wa2akj-scholars	amount.amountRaw	2026-08-04
2872705f1ed8dcbb15a5eabc92af579995868ed3ba23689f8fe190fa6838262c	arrl-cat-the-ernest-l-baulch-w2tx-and-marcia-e-baulch-wa2akj-scholars	amount.awardCountRaw	2026-08-04
60c69c5f75e0357484305f4143f2bbffd5832b1834bd3d0d52ace426fb76e899	arrl-cat-the-ernest-l-baulch-w2tx-and-marcia-e-baulch-wa2akj-scholars	constraints	2026-08-04
4614745b3951efbf220e545689c22aace25e5e4a6ac215ecf943835b7e331011	arrl-cat-the-ernest-l-baulch-w2tx-and-marcia-e-baulch-wa2akj-scholars	constraints	2026-08-12
9549c651989462f919d013b803b267352e542740ad634c8b081c10eb89653e83	arrl-cat-the-ernest-l-baulch-w2tx-and-marcia-e-baulch-wa2akj-scholars	constraints	2026-08-12
0be5bdac8c035eb553a62df2baa03a45d65803f8477acafe7e29ee75cb01b8d5	arrl-cat-the-ernest-l-baulch-w2tx-and-marcia-e-baulch-wa2akj-scholars	deadline.note	2026-08-04
4f53cda18c2baa0c0354bb5f9a3ecbe5ed12ab4d8e11ba873c2f11161202b945	arrl-cat-the-ernest-l-baulch-w2tx-and-marcia-e-baulch-wa2akj-scholars	fundingRestrictions	2026-08-04
9470f473aa98a90d328038a8fd79cbd9b825f5028d01f6e8504ab9b1386b61f4	arrl-cat-the-ernest-l-baulch-w2tx-and-marcia-e-baulch-wa2akj-scholars	rawOtherText	2026-08-04
ced5f49f4884ebfaccc06daab4ccb37ea8745eac4b8686d866a22746722c8767	arrl-cat-the-ernest-l-baulch-w2tx-and-marcia-e-baulch-wa2akj-scholars	summary	2026-08-04
5101c9638b2d2781151db487a22ab4407af938151d891f67c126136f30a0aae9	arrl-cat-the-fort-meyers-amateur-radio-club-scholarship	amount.amountRaw	2026-08-04
2872705f1ed8dcbb15a5eabc92af579995868ed3ba23689f8fe190fa6838262c	arrl-cat-the-fort-meyers-amateur-radio-club-scholarship	amount.awardCountRaw	2026-08-04
57648c292f1e3cbd2640d68fedda4afd2ea967da2308e0582b5db7ec56e0e967	arrl-cat-the-fort-meyers-amateur-radio-club-scholarship	constraints	2026-08-04
0be5bdac8c035eb553a62df2baa03a45d65803f8477acafe7e29ee75cb01b8d5	arrl-cat-the-fort-meyers-amateur-radio-club-scholarship	deadline.note	2026-08-04
4f53cda18c2baa0c0354bb5f9a3ecbe5ed12ab4d8e11ba873c2f11161202b945	arrl-cat-the-fort-meyers-amateur-radio-club-scholarship	fundingRestrictions	2026-08-04
b7f956b1a0c439e3b772a984e2e39a2d132eb7fad348abca05af79a92228d37c	arrl-cat-the-fort-meyers-amateur-radio-club-scholarship	rawOtherText	2026-08-04
2674b4c952bd156d28eb9858c4e982ac63de2c17fda71d087bd72c690a6b631a	arrl-cat-the-fort-meyers-amateur-radio-club-scholarship	summary	2026-08-04
15aebe143a3514d046ba2ba2236f53f3c0599dcc3a9a77ca2d312cad6e661831	arrl-cat-the-francis-walton-memorial-scholarship	amount.amountRaw	2026-08-04
e99a8198bcacde75820f97963fc8ccec53d510ddb5eb8942c188ce770b2bf241	arrl-cat-the-francis-walton-memorial-scholarship	amount.awardCountRaw	2026-08-04
70f755b0dbaf44f1bb2e588e41b378bc6d9697f31b2744247aa4b8a150e7deae	arrl-cat-the-francis-walton-memorial-scholarship	constraints	2026-08-04
19b43b3c7242198e7160212644ef8f566129e790400a04ea953d6d504b34f9d1	arrl-cat-the-francis-walton-memorial-scholarship	constraints	2026-08-12
0be5bdac8c035eb553a62df2baa03a45d65803f8477acafe7e29ee75cb01b8d5	arrl-cat-the-francis-walton-memorial-scholarship	deadline.note	2026-08-04
4f53cda18c2baa0c0354bb5f9a3ecbe5ed12ab4d8e11ba873c2f11161202b945	arrl-cat-the-francis-walton-memorial-scholarship	fundingRestrictions	2026-08-04
8150177b45c7d15a4785b0624922371e65f19604c3638b3ac14aa089521938a6	arrl-cat-the-francis-walton-memorial-scholarship	rawOtherText	2026-08-04
549dcf3e87eed66d0402455e19bd44d57e0e7df391fcce4e20885e9382de7c2d	arrl-cat-the-francis-walton-memorial-scholarship	summary	2026-08-04
f479335aedf0d3a8139c1cea6585d38074eaafd812534da4bc42b477645ca0a9	arrl-cat-the-frankford-radio-club-frc-scholarship	amount.amountRaw	2026-08-04
2872705f1ed8dcbb15a5eabc92af579995868ed3ba23689f8fe190fa6838262c	arrl-cat-the-frankford-radio-club-frc-scholarship	amount.awardCountRaw	2026-08-04
218f31f22499542bf032d86cc15a613827caad4e534d42f1749ef58cddd53ce0	arrl-cat-the-frankford-radio-club-frc-scholarship	constraints	2026-08-04
0be5bdac8c035eb553a62df2baa03a45d65803f8477acafe7e29ee75cb01b8d5	arrl-cat-the-frankford-radio-club-frc-scholarship	deadline.note	2026-08-04
4f53cda18c2baa0c0354bb5f9a3ecbe5ed12ab4d8e11ba873c2f11161202b945	arrl-cat-the-frankford-radio-club-frc-scholarship	fundingRestrictions	2026-08-04
60de13c6b0a6d8c2854ac39791a170ec9705c7391c910df257846646ad32d729	arrl-cat-the-frankford-radio-club-frc-scholarship	rawOtherText	2026-08-04
8c40304a87af0986e6295605cea8daa82cf9b59ad5a3cfcead5e276d57540e8c	arrl-cat-the-frankford-radio-club-frc-scholarship	summary	2026-08-04
5101c9638b2d2781151db487a22ab4407af938151d891f67c126136f30a0aae9	arrl-cat-the-fred-r-mcdaniel-memorial-scholarship	amount.amountRaw	2026-08-04
2872705f1ed8dcbb15a5eabc92af579995868ed3ba23689f8fe190fa6838262c	arrl-cat-the-fred-r-mcdaniel-memorial-scholarship	amount.awardCountRaw	2026-08-04
afcb98c382b6a270fb6027e0171aaf367b9f8bb43eb8e1576475a46191bab0f3	arrl-cat-the-fred-r-mcdaniel-memorial-scholarship	constraints	2026-08-04
4391e54b1cc7b51e9fbd96ce8d12e0da06411e18c86fd84695838b8c92bce178	arrl-cat-the-fred-r-mcdaniel-memorial-scholarship	constraints	2026-08-12
0be5bdac8c035eb553a62df2baa03a45d65803f8477acafe7e29ee75cb01b8d5	arrl-cat-the-fred-r-mcdaniel-memorial-scholarship	deadline.note	2026-08-04
4f53cda18c2baa0c0354bb5f9a3ecbe5ed12ab4d8e11ba873c2f11161202b945	arrl-cat-the-fred-r-mcdaniel-memorial-scholarship	fundingRestrictions	2026-08-04
58eb03e02a0b92171816b710a3335cec67ff3db5e7e85b162604fe13eab24006	arrl-cat-the-fred-r-mcdaniel-memorial-scholarship	rawOtherText	2026-08-04
2a9def45565993428c28154fe32383b391e7d0a7886c4fbe546dca33f28e076c	arrl-cat-the-fred-r-mcdaniel-memorial-scholarship	summary	2026-08-04
5101c9638b2d2781151db487a22ab4407af938151d891f67c126136f30a0aae9	arrl-cat-the-free-family-n3tg-sk-k3maf-kc3yo-k4fre-kb4hgu-sk-kb4hgv-s	amount.amountRaw	2026-08-04
2872705f1ed8dcbb15a5eabc92af579995868ed3ba23689f8fe190fa6838262c	arrl-cat-the-free-family-n3tg-sk-k3maf-kc3yo-k4fre-kb4hgu-sk-kb4hgv-s	amount.awardCountRaw	2026-08-04
175a08e4cec9a17b73218cd8827bd35b6b2be4880402e17905617770af023394	arrl-cat-the-free-family-n3tg-sk-k3maf-kc3yo-k4fre-kb4hgu-sk-kb4hgv-s	constraints	2026-08-04
0be5bdac8c035eb553a62df2baa03a45d65803f8477acafe7e29ee75cb01b8d5	arrl-cat-the-free-family-n3tg-sk-k3maf-kc3yo-k4fre-kb4hgu-sk-kb4hgv-s	deadline.note	2026-08-04
4f53cda18c2baa0c0354bb5f9a3ecbe5ed12ab4d8e11ba873c2f11161202b945	arrl-cat-the-free-family-n3tg-sk-k3maf-kc3yo-k4fre-kb4hgu-sk-kb4hgv-s	fundingRestrictions	2026-08-04
b7f956b1a0c439e3b772a984e2e39a2d132eb7fad348abca05af79a92228d37c	arrl-cat-the-free-family-n3tg-sk-k3maf-kc3yo-k4fre-kb4hgu-sk-kb4hgv-s	rawOtherText	2026-08-04
2136d811c99e492fcc383eebcb359098b8b49933aa5590df59d6fce0e7a64b4d	arrl-cat-the-free-family-n3tg-sk-k3maf-kc3yo-k4fre-kb4hgu-sk-kb4hgv-s	summary	2026-08-04
9268d0f3ef03795caf9a49883e4557382c23b99292886f428e0c8742eaa2929c	arrl-cat-the-fritz-nitsch-w4nto-memorial-scholarship	amount.amountRaw	2026-08-04
2872705f1ed8dcbb15a5eabc92af579995868ed3ba23689f8fe190fa6838262c	arrl-cat-the-fritz-nitsch-w4nto-memorial-scholarship	amount.awardCountRaw	2026-08-04
7c50c3c418357621954615927cdf6f7387f0d2d4cb7b372f319f323c4c64b8e2	arrl-cat-the-fritz-nitsch-w4nto-memorial-scholarship	constraints	2026-08-04
48fe3d82d5805fd56f19313e86f580e39fabeccf838dfd91d03c5ee3e71e3bce	arrl-cat-the-fritz-nitsch-w4nto-memorial-scholarship	constraints	2026-08-12
b2216ded63a70408415a7e94ebe98bb26f43008e0d76d1ce051ff66b3a9a7f7d	arrl-cat-the-fritz-nitsch-w4nto-memorial-scholarship	constraints	2026-08-12
0be5bdac8c035eb553a62df2baa03a45d65803f8477acafe7e29ee75cb01b8d5	arrl-cat-the-fritz-nitsch-w4nto-memorial-scholarship	deadline.note	2026-08-04
4f53cda18c2baa0c0354bb5f9a3ecbe5ed12ab4d8e11ba873c2f11161202b945	arrl-cat-the-fritz-nitsch-w4nto-memorial-scholarship	fundingRestrictions	2026-08-04
27a0656e48c079bff66467def80459efa73c4369ec0046191cd5791c6d3fb79c	arrl-cat-the-fritz-nitsch-w4nto-memorial-scholarship	rawOtherText	2026-08-04
f931dfb6183638950b0a87cee33750e38bb9d4b9db11b72b33e0a1b092a3ea08	arrl-cat-the-fritz-nitsch-w4nto-memorial-scholarship	summary	2026-08-04
5101c9638b2d2781151db487a22ab4407af938151d891f67c126136f30a0aae9	arrl-cat-the-gary-wagner-k3omi-scholarship	amount.amountRaw	2026-08-04
2872705f1ed8dcbb15a5eabc92af579995868ed3ba23689f8fe190fa6838262c	arrl-cat-the-gary-wagner-k3omi-scholarship	amount.awardCountRaw	2026-08-04
e71fd7b4d4a1559f92ccb60ce79acbe88f9dadcbcd5512188e6ac3c5147bbe5e	arrl-cat-the-gary-wagner-k3omi-scholarship	constraints	2026-08-04
9b5412b9be71bb5a8d0f7ff77c106fb17cde8a3a7f34366b7ed42c18f3daccbc	arrl-cat-the-gary-wagner-k3omi-scholarship	constraints	2026-08-12
a9f09989bc37b4799f5923107b0c45f82bdfc32278e422c42fd6911828fa744d	arrl-cat-the-gary-wagner-k3omi-scholarship	constraints	2026-08-12
dcf3848cb18390f8d903df1edbe1ecf3998d4ffc64492cefa68d9b1f68223e78	arrl-cat-the-gary-wagner-k3omi-scholarship	constraints	2026-08-12
0be5bdac8c035eb553a62df2baa03a45d65803f8477acafe7e29ee75cb01b8d5	arrl-cat-the-gary-wagner-k3omi-scholarship	deadline.note	2026-08-04
4f53cda18c2baa0c0354bb5f9a3ecbe5ed12ab4d8e11ba873c2f11161202b945	arrl-cat-the-gary-wagner-k3omi-scholarship	fundingRestrictions	2026-08-04
b8408fe702a5bf593fa31af3a5202f28af2933e2fe2aebdd6756ec467c15ae84	arrl-cat-the-gary-wagner-k3omi-scholarship	rawOtherText	2026-08-04
bf0474e60806afa8b93fe2ac313a22debe0cd17fbd9fabe904b90488bd36bde9	arrl-cat-the-gary-wagner-k3omi-scholarship	summary	2026-08-04
4ccb899062c0080a49b32fba5350bd1bf6529bff1c9cb228b2c2bfbe50dc5cfc	arrl-cat-the-gulf-coast-amateur-radio-club-scholarship	amount.amountRaw	2026-08-04
2872705f1ed8dcbb15a5eabc92af579995868ed3ba23689f8fe190fa6838262c	arrl-cat-the-gulf-coast-amateur-radio-club-scholarship	amount.awardCountRaw	2026-08-04
d95757990e5177bc74841f94046a76995a26c4b65ff5819e28cf8cbdfb0fd8c6	arrl-cat-the-gulf-coast-amateur-radio-club-scholarship	constraints	2026-08-04
aecfe6581c4dae8fab650f6000b923ce00732f83515588abe7382342dd98884f	arrl-cat-the-gulf-coast-amateur-radio-club-scholarship	constraints	2026-08-12
caa72f311898bb8ae0b8e021d54593b9c6381bcf917c0bc41f289dddbc83a0f3	arrl-cat-the-gulf-coast-amateur-radio-club-scholarship	constraints	2026-08-12
0be5bdac8c035eb553a62df2baa03a45d65803f8477acafe7e29ee75cb01b8d5	arrl-cat-the-gulf-coast-amateur-radio-club-scholarship	deadline.note	2026-08-04
4f53cda18c2baa0c0354bb5f9a3ecbe5ed12ab4d8e11ba873c2f11161202b945	arrl-cat-the-gulf-coast-amateur-radio-club-scholarship	fundingRestrictions	2026-08-04
ab95f978bc8b705405584f0e7582c43c27346f34c73d16a89ab03836ecc4b77d	arrl-cat-the-gulf-coast-amateur-radio-club-scholarship	rawOtherText	2026-08-04
41c104e80ce79403f374910d412fc10e4b9d1a16c7f6debac139c10e85bd086b	arrl-cat-the-gulf-coast-amateur-radio-club-scholarship	summary	2026-08-04
5101c9638b2d2781151db487a22ab4407af938151d891f67c126136f30a0aae9	arrl-cat-the-gwinnett-amateur-radio-society-scholarship	amount.amountRaw	2026-08-04
2872705f1ed8dcbb15a5eabc92af579995868ed3ba23689f8fe190fa6838262c	arrl-cat-the-gwinnett-amateur-radio-society-scholarship	amount.awardCountRaw	2026-08-04
0bea6aef1601d6304a0604c9ac12755027ce3b8f99bc7da06e17cf348a6a305b	arrl-cat-the-gwinnett-amateur-radio-society-scholarship	constraints	2026-08-04
21763c25b3e97a1ec0e806933c76c86703376fec4822ba49a194f83eaa502f20	arrl-cat-the-gwinnett-amateur-radio-society-scholarship	constraints	2026-08-12
56d51494bf7e61324730bd2655cbb66f1e4379ac653d9a81d22ac0ab8c41b57d	arrl-cat-the-gwinnett-amateur-radio-society-scholarship	constraints	2026-08-12
b22930767c275d30aeae9011b4e3cfce8a08e1a35bdf2b3b56449554ce3784af	arrl-cat-the-gwinnett-amateur-radio-society-scholarship	constraints	2026-08-12
ebfe9d72304c9b4176868fad53e5936a940211205df1ff1ccdd97d9fd4c42872	arrl-cat-the-gwinnett-amateur-radio-society-scholarship	constraints	2026-08-12
0be5bdac8c035eb553a62df2baa03a45d65803f8477acafe7e29ee75cb01b8d5	arrl-cat-the-gwinnett-amateur-radio-society-scholarship	deadline.note	2026-08-04
4f53cda18c2baa0c0354bb5f9a3ecbe5ed12ab4d8e11ba873c2f11161202b945	arrl-cat-the-gwinnett-amateur-radio-society-scholarship	fundingRestrictions	2026-08-04
c77bb86e361e62949e8a6f343cb994045d36337111340c3345bb182c3274a2e2	arrl-cat-the-gwinnett-amateur-radio-society-scholarship	rawOtherText	2026-08-04
ae693b12f351ead5b3dc3a9571a959dea9f8d1f025b842d30428a5db9eb46de0	arrl-cat-the-gwinnett-amateur-radio-society-scholarship	summary	2026-08-04
5101c9638b2d2781151db487a22ab4407af938151d891f67c126136f30a0aae9	arrl-cat-the-harry-a-hodges-w6yoo-scholarship	amount.amountRaw	2026-08-04
2872705f1ed8dcbb15a5eabc92af579995868ed3ba23689f8fe190fa6838262c	arrl-cat-the-harry-a-hodges-w6yoo-scholarship	amount.awardCountRaw	2026-08-04
d093b81a6aeb33d2657e4d8415171dba158511226b4059ec9a108cac29f8f553	arrl-cat-the-harry-a-hodges-w6yoo-scholarship	constraints	2026-08-04
21d3ec15d973e34a0602e1858f3794984b3a3f7f4dd1d074a90b9a684552fd46	arrl-cat-the-harry-a-hodges-w6yoo-scholarship	constraints	2026-08-12
bfb21643778960df74d92114df1194d9a7a2ace5f4fa54ddea59db0a7d03a9e5	arrl-cat-the-harry-a-hodges-w6yoo-scholarship	constraints	2026-08-12
fb105b529fa35df6fbabe2b37586ac4010310566f88759bc62b0187633a995d5	arrl-cat-the-harry-a-hodges-w6yoo-scholarship	constraints	2026-08-12
0be5bdac8c035eb553a62df2baa03a45d65803f8477acafe7e29ee75cb01b8d5	arrl-cat-the-harry-a-hodges-w6yoo-scholarship	deadline.note	2026-08-04
4f53cda18c2baa0c0354bb5f9a3ecbe5ed12ab4d8e11ba873c2f11161202b945	arrl-cat-the-harry-a-hodges-w6yoo-scholarship	fundingRestrictions	2026-08-04
9e3176744accfba6b5c817571fb4f0139b903588fca19dc55b6b189517a4e2f6	arrl-cat-the-harry-a-hodges-w6yoo-scholarship	rawOtherText	2026-08-04
cc1a6d18dbc81aa8e9d9abf5da8825a21cec823a0cc07c3cffadaa731b6cd510	arrl-cat-the-harry-a-hodges-w6yoo-scholarship	summary	2026-08-04
5101c9638b2d2781151db487a22ab4407af938151d891f67c126136f30a0aae9	arrl-cat-the-harry-j-dannals-w2hd-memorial-scholarship	amount.amountRaw	2026-08-04
2872705f1ed8dcbb15a5eabc92af579995868ed3ba23689f8fe190fa6838262c	arrl-cat-the-harry-j-dannals-w2hd-memorial-scholarship	amount.awardCountRaw	2026-08-04
9e5816edc849e24ef75f832c58bfe96d5e439674e06ff6bb396d8917a227420b	arrl-cat-the-harry-j-dannals-w2hd-memorial-scholarship	constraints	2026-08-04
40c9c77bf62388828e5073b8a52dc9c0f01ca7c2ab053bbc66aef6743d391226	arrl-cat-the-harry-j-dannals-w2hd-memorial-scholarship	constraints	2026-08-12
0be5bdac8c035eb553a62df2baa03a45d65803f8477acafe7e29ee75cb01b8d5	arrl-cat-the-harry-j-dannals-w2hd-memorial-scholarship	deadline.note	2026-08-04
4f53cda18c2baa0c0354bb5f9a3ecbe5ed12ab4d8e11ba873c2f11161202b945	arrl-cat-the-harry-j-dannals-w2hd-memorial-scholarship	fundingRestrictions	2026-08-04
d58e3e2c236cb5d77e0bec8773b9ed8817602f1d37c52e180616ed4160e89b54	arrl-cat-the-harry-j-dannals-w2hd-memorial-scholarship	rawOtherText	2026-08-04
8ec1c7b1c14ea41e8bb5690ab73f98cddcf1e79c005603ae446cf6c68f46a78d	arrl-cat-the-harry-j-dannals-w2hd-memorial-scholarship	summary	2026-08-04
5101c9638b2d2781151db487a22ab4407af938151d891f67c126136f30a0aae9	arrl-cat-the-helen-laughlin-am-mode-memorial-scholarship	amount.amountRaw	2026-08-04
2872705f1ed8dcbb15a5eabc92af579995868ed3ba23689f8fe190fa6838262c	arrl-cat-the-helen-laughlin-am-mode-memorial-scholarship	amount.awardCountRaw	2026-08-04
71ca91ba27c581acca022b284465a13906054c1b0d0d3c3c644e986c81729051	arrl-cat-the-helen-laughlin-am-mode-memorial-scholarship	constraints	2026-08-04
85d44d43a1be8a915530239b83e53d185f07d80b4dc2a30a3c96b11b7907962d	arrl-cat-the-helen-laughlin-am-mode-memorial-scholarship	constraints	2026-08-12
a16ed7a7acbfd8c6ad590a929de178fd76cd77af294ff8ff8748547491656a01	arrl-cat-the-helen-laughlin-am-mode-memorial-scholarship	constraints	2026-08-12
cc8689ca6dcd90c438fc9b3f722ba5a6b2e59dc2fff2471f3b916cb30f332a2f	arrl-cat-the-helen-laughlin-am-mode-memorial-scholarship	constraints	2026-08-12
0be5bdac8c035eb553a62df2baa03a45d65803f8477acafe7e29ee75cb01b8d5	arrl-cat-the-helen-laughlin-am-mode-memorial-scholarship	deadline.note	2026-08-04
4f53cda18c2baa0c0354bb5f9a3ecbe5ed12ab4d8e11ba873c2f11161202b945	arrl-cat-the-helen-laughlin-am-mode-memorial-scholarship	fundingRestrictions	2026-08-04
6c65a1603b91935e70cb33d21ca8ac1987bc4c71a51a692fbfd03d88c73ff21c	arrl-cat-the-helen-laughlin-am-mode-memorial-scholarship	rawOtherText	2026-08-04
3156cbf94d24c301569b0bba31f6de72fda8bcf461b2ced2dfc379c9074cb2d2	arrl-cat-the-helen-laughlin-am-mode-memorial-scholarship	summary	2026-08-04
9268d0f3ef03795caf9a49883e4557382c23b99292886f428e0c8742eaa2929c	arrl-cat-the-henry-broughton-k2ae-memorial-scholarship	amount.amountRaw	2026-08-04
26d5020cecbc59ddbcba8c0fa8db37f2b048324932e8c09079a1a7c1b5933a13	arrl-cat-the-henry-broughton-k2ae-memorial-scholarship	amount.awardCountRaw	2026-08-04
4d36cb9a432b1e6a73a2944e50a4d41b87fceb07edd2775a783a286bd6b1388e	arrl-cat-the-henry-broughton-k2ae-memorial-scholarship	constraints	2026-08-04
8ad02b1f505160c4f84bfcf2ce690de2bd3456c100cf67e955504362e3bf6c32	arrl-cat-the-henry-broughton-k2ae-memorial-scholarship	constraints	2026-08-12
dfa4716c55cc3319d27615fce1a7d7f51fa851d0f6ff744b4bf98cb687a2bdf5	arrl-cat-the-henry-broughton-k2ae-memorial-scholarship	constraints	2026-08-12
ffb1da4c7360c8f7f2b4c33cbfea77a3da3986516690f5871ac68637dd97251c	arrl-cat-the-henry-broughton-k2ae-memorial-scholarship	constraints	2026-08-12
0be5bdac8c035eb553a62df2baa03a45d65803f8477acafe7e29ee75cb01b8d5	arrl-cat-the-henry-broughton-k2ae-memorial-scholarship	deadline.note	2026-08-04
4f53cda18c2baa0c0354bb5f9a3ecbe5ed12ab4d8e11ba873c2f11161202b945	arrl-cat-the-henry-broughton-k2ae-memorial-scholarship	fundingRestrictions	2026-08-04
9a7f2331d18ce962b99b7d3adf5bb688b0da3060a36c3dc3f31889c3688a0332	arrl-cat-the-henry-broughton-k2ae-memorial-scholarship	rawOtherText	2026-08-04
868942b3dd8a94b093808a37711935288ac05065ce72b2c96f2c26005ce9a1d7	arrl-cat-the-henry-broughton-k2ae-memorial-scholarship	summary	2026-08-04
f479335aedf0d3a8139c1cea6585d38074eaafd812534da4bc42b477645ca0a9	arrl-cat-the-homer-v-thompson-w4cwv-and-annette-p-thompson-w4lkm-memo	amount.amountRaw	2026-08-04
2872705f1ed8dcbb15a5eabc92af579995868ed3ba23689f8fe190fa6838262c	arrl-cat-the-homer-v-thompson-w4cwv-and-annette-p-thompson-w4lkm-memo	amount.awardCountRaw	2026-08-04
45ae61a6480737d15461f69dfb818e1b9afdd7d021e7b0e326b9bd2f949d4b95	arrl-cat-the-homer-v-thompson-w4cwv-and-annette-p-thompson-w4lkm-memo	constraints	2026-08-04
144dde0c910c96aff3f651167c5a1ad3ee0c47b6195f99716c444b5e25dbba6f	arrl-cat-the-homer-v-thompson-w4cwv-and-annette-p-thompson-w4lkm-memo	constraints	2026-08-12
5273bd91de8bbaa6bdb82a3d825dfc46edb91c4242c36e6aa8fe9c4be801aba2	arrl-cat-the-homer-v-thompson-w4cwv-and-annette-p-thompson-w4lkm-memo	constraints	2026-08-12
0be5bdac8c035eb553a62df2baa03a45d65803f8477acafe7e29ee75cb01b8d5	arrl-cat-the-homer-v-thompson-w4cwv-and-annette-p-thompson-w4lkm-memo	deadline.note	2026-08-04
4f53cda18c2baa0c0354bb5f9a3ecbe5ed12ab4d8e11ba873c2f11161202b945	arrl-cat-the-homer-v-thompson-w4cwv-and-annette-p-thompson-w4lkm-memo	fundingRestrictions	2026-08-04
8f3f981d424cebacf65223e32bccad594df01f7e924e6f96d68655ec04a272e3	arrl-cat-the-homer-v-thompson-w4cwv-and-annette-p-thompson-w4lkm-memo	rawOtherText	2026-08-04
4a0c68a539de027d99df5a12865bfb200b7ea38e05724e6cfcc212fc7d78ca09	arrl-cat-the-homer-v-thompson-w4cwv-and-annette-p-thompson-w4lkm-memo	summary	2026-08-04
e0ac375f70948bdafbec9a8f1e532c174ac58b61712cda05de477e19040d3e11	arrl-cat-the-hy-and-mimi-ginsberg-memorial-scholarship	amount.amountRaw	2026-08-04
9ec631b68bfe328fe0e82378804c1b687a34df3974f28e38ee8cf5cb1929e5b1	arrl-cat-the-hy-and-mimi-ginsberg-memorial-scholarship	amount.awardCountRaw	2026-08-04
8a4b4b6fe88bac176ddd664a79488813c63e6e9f4b62de9c747006710091ad33	arrl-cat-the-hy-and-mimi-ginsberg-memorial-scholarship	constraints	2026-08-04
0be5bdac8c035eb553a62df2baa03a45d65803f8477acafe7e29ee75cb01b8d5	arrl-cat-the-hy-and-mimi-ginsberg-memorial-scholarship	deadline.note	2026-08-04
4f53cda18c2baa0c0354bb5f9a3ecbe5ed12ab4d8e11ba873c2f11161202b945	arrl-cat-the-hy-and-mimi-ginsberg-memorial-scholarship	fundingRestrictions	2026-08-04
d6bdd6ccba933ac75a6afe0a405d886ca12aa1b00202d3ef67e47598e00d1424	arrl-cat-the-hy-and-mimi-ginsberg-memorial-scholarship	rawOtherText	2026-08-04
142b85497962eebb86f1d3c95193303c2ff191c227791ba9caf01e22b9ba9819	arrl-cat-the-hy-and-mimi-ginsberg-memorial-scholarship	summary	2026-08-04
4ccb899062c0080a49b32fba5350bd1bf6529bff1c9cb228b2c2bfbe50dc5cfc	arrl-cat-the-indianapolis-amateur-radio-association-scholarshp-fund	amount.amountRaw	2026-08-04
2872705f1ed8dcbb15a5eabc92af579995868ed3ba23689f8fe190fa6838262c	arrl-cat-the-indianapolis-amateur-radio-association-scholarshp-fund	amount.awardCountRaw	2026-08-04
4f072b9e9dd1ffb9b300b7f3fdc17cdfb56e69b3aebb730952be393129fb47dc	arrl-cat-the-indianapolis-amateur-radio-association-scholarshp-fund	constraints	2026-08-04
e39ae43a0642d4e0f4afe1a8b7f3d80b2b65bab8c754885b54728586f4ccb69f	arrl-cat-the-indianapolis-amateur-radio-association-scholarshp-fund	constraints	2026-08-12
0be5bdac8c035eb553a62df2baa03a45d65803f8477acafe7e29ee75cb01b8d5	arrl-cat-the-indianapolis-amateur-radio-association-scholarshp-fund	deadline.note	2026-08-04
4f53cda18c2baa0c0354bb5f9a3ecbe5ed12ab4d8e11ba873c2f11161202b945	arrl-cat-the-indianapolis-amateur-radio-association-scholarshp-fund	fundingRestrictions	2026-08-04
bc5405e4011d0004c25ccee3109fbbfba50b7446fdc8de0c1e993b7cbe0dfea3	arrl-cat-the-indianapolis-amateur-radio-association-scholarshp-fund	rawOtherText	2026-08-04
174d7eb5a8c5ed88239c0373f5ec15d6194b57a037c3db702e3f27990b67d5e8	arrl-cat-the-indianapolis-amateur-radio-association-scholarshp-fund	summary	2026-08-04
5101c9638b2d2781151db487a22ab4407af938151d891f67c126136f30a0aae9	arrl-cat-the-irving-w-cook-wa-cgs-scholarship	amount.amountRaw	2026-08-04
2872705f1ed8dcbb15a5eabc92af579995868ed3ba23689f8fe190fa6838262c	arrl-cat-the-irving-w-cook-wa-cgs-scholarship	amount.awardCountRaw	2026-08-04
e3eabda62be4c65a5b89f5c93be96541c20ffa829751e81c5aa6e8aaacfec156	arrl-cat-the-irving-w-cook-wa-cgs-scholarship	constraints	2026-08-04
2eecf893c184e55e38c2603281905d119421444bf54890d97c86660d390a9e77	arrl-cat-the-irving-w-cook-wa-cgs-scholarship	constraints	2026-08-12
0be5bdac8c035eb553a62df2baa03a45d65803f8477acafe7e29ee75cb01b8d5	arrl-cat-the-irving-w-cook-wa-cgs-scholarship	deadline.note	2026-08-04
4f53cda18c2baa0c0354bb5f9a3ecbe5ed12ab4d8e11ba873c2f11161202b945	arrl-cat-the-irving-w-cook-wa-cgs-scholarship	fundingRestrictions	2026-08-04
ba7b21aff6c992e78663a5fb0062d0a21d79aca87287174fa7d9839b0eb074cd	arrl-cat-the-irving-w-cook-wa-cgs-scholarship	rawOtherText	2026-08-04
b6534910d145d8a596d775e67ae61a11e3b55309e66f3961004e2ba568ec1442	arrl-cat-the-irving-w-cook-wa-cgs-scholarship	summary	2026-08-04
4ccb899062c0080a49b32fba5350bd1bf6529bff1c9cb228b2c2bfbe50dc5cfc	arrl-cat-the-james-cothran-kd3ni-scholarship	amount.amountRaw	2026-08-04
2872705f1ed8dcbb15a5eabc92af579995868ed3ba23689f8fe190fa6838262c	arrl-cat-the-james-cothran-kd3ni-scholarship	amount.awardCountRaw	2026-08-04
b92f9247b6c988a10ea37f62fb1283f9886756328663e6c1b892cab1de4b25fa	arrl-cat-the-james-cothran-kd3ni-scholarship	constraints	2026-08-04
0be5bdac8c035eb553a62df2baa03a45d65803f8477acafe7e29ee75cb01b8d5	arrl-cat-the-james-cothran-kd3ni-scholarship	deadline.note	2026-08-04
4f53cda18c2baa0c0354bb5f9a3ecbe5ed12ab4d8e11ba873c2f11161202b945	arrl-cat-the-james-cothran-kd3ni-scholarship	fundingRestrictions	2026-08-04
8a15187a58f153f6f7b8b4bb4bde2cbd2ef0c481e49dc0355d68b9253b5dbe86	arrl-cat-the-james-cothran-kd3ni-scholarship	rawOtherText	2026-08-04
7187bc68e9643d3707c186394f8038a7bd5f50205a86d1d38823d0c27023cc46	arrl-cat-the-james-cothran-kd3ni-scholarship	summary	2026-08-04
5101c9638b2d2781151db487a22ab4407af938151d891f67c126136f30a0aae9	arrl-cat-the-joel-r-miller-w7pdx-and-martha-c-miller-stem-scholarship	amount.amountRaw	2026-08-04
2872705f1ed8dcbb15a5eabc92af579995868ed3ba23689f8fe190fa6838262c	arrl-cat-the-joel-r-miller-w7pdx-and-martha-c-miller-stem-scholarship	amount.awardCountRaw	2026-08-04
a3cdaeffecc805437764cc60d3209fc775c1e6b0defc2858cccc18f8739fd092	arrl-cat-the-joel-r-miller-w7pdx-and-martha-c-miller-stem-scholarship	constraints	2026-08-04
66bbcfb825764c08110adcf28f1aa0d32f37a7f4dd60842d4529d778cae49fe2	arrl-cat-the-joel-r-miller-w7pdx-and-martha-c-miller-stem-scholarship	constraints	2026-08-12
0be5bdac8c035eb553a62df2baa03a45d65803f8477acafe7e29ee75cb01b8d5	arrl-cat-the-joel-r-miller-w7pdx-and-martha-c-miller-stem-scholarship	deadline.note	2026-08-04
4f53cda18c2baa0c0354bb5f9a3ecbe5ed12ab4d8e11ba873c2f11161202b945	arrl-cat-the-joel-r-miller-w7pdx-and-martha-c-miller-stem-scholarship	fundingRestrictions	2026-08-04
bf6daeb49152465717409c483d7e42ee3253b1807a00edc4741e2ad43a02652f	arrl-cat-the-joel-r-miller-w7pdx-and-martha-c-miller-stem-scholarship	rawOtherText	2026-08-04
aae67aa584297c7f2b27be28cbe89bd8ae22aa75790689dad6291fdac01c2fcd	arrl-cat-the-joel-r-miller-w7pdx-and-martha-c-miller-stem-scholarship	summary	2026-08-04
5101c9638b2d2781151db487a22ab4407af938151d891f67c126136f30a0aae9	arrl-cat-the-john-c-york-ke5v-scholarship	amount.amountRaw	2026-08-04
2872705f1ed8dcbb15a5eabc92af579995868ed3ba23689f8fe190fa6838262c	arrl-cat-the-john-c-york-ke5v-scholarship	amount.awardCountRaw	2026-08-04
c0f988a4b41c3ded98924db67afbb5ca9757e4c209fe4a29c123107c1fa99500	arrl-cat-the-john-c-york-ke5v-scholarship	constraints	2026-08-04
c5fa90f0eb056229b9ea6a9eccb5e448e676cb0bccfea52b3db976cfe31ec644	arrl-cat-the-john-c-york-ke5v-scholarship	constraints	2026-08-12
0be5bdac8c035eb553a62df2baa03a45d65803f8477acafe7e29ee75cb01b8d5	arrl-cat-the-john-c-york-ke5v-scholarship	deadline.note	2026-08-04
4f53cda18c2baa0c0354bb5f9a3ecbe5ed12ab4d8e11ba873c2f11161202b945	arrl-cat-the-john-c-york-ke5v-scholarship	fundingRestrictions	2026-08-04
14cd0f9173580693da1ec7b15b29418fdd1e1474e51493459b57326b5bd514b9	arrl-cat-the-john-c-york-ke5v-scholarship	rawOtherText	2026-08-04
cabcaa53730002864208dfeee9ad18e10ece33b8410785f404267ca70e0cd040	arrl-cat-the-john-c-york-ke5v-scholarship	summary	2026-08-04
5101c9638b2d2781151db487a22ab4407af938151d891f67c126136f30a0aae9	arrl-cat-the-k2plf-martin-j-green-jr-memorial-scholarship	amount.amountRaw	2026-08-04
2872705f1ed8dcbb15a5eabc92af579995868ed3ba23689f8fe190fa6838262c	arrl-cat-the-k2plf-martin-j-green-jr-memorial-scholarship	amount.awardCountRaw	2026-08-04
1cffbb318e467a8d104a565c836cc69945546c6ad7fdf793b95031ae1ecca07e	arrl-cat-the-k2plf-martin-j-green-jr-memorial-scholarship	constraints	2026-08-04
0be5bdac8c035eb553a62df2baa03a45d65803f8477acafe7e29ee75cb01b8d5	arrl-cat-the-k2plf-martin-j-green-jr-memorial-scholarship	deadline.note	2026-08-04
4f53cda18c2baa0c0354bb5f9a3ecbe5ed12ab4d8e11ba873c2f11161202b945	arrl-cat-the-k2plf-martin-j-green-jr-memorial-scholarship	fundingRestrictions	2026-08-04
69dfe000079f74a8a8997ae1c58cc510294b259bdb9ae152bc4acacb9f14a246	arrl-cat-the-k2plf-martin-j-green-jr-memorial-scholarship	rawOtherText	2026-08-04
ee7c2a54c37947e38dad8553e5b72fb4bc5bdc6b933913f0fbd0554504764be3	arrl-cat-the-k2plf-martin-j-green-jr-memorial-scholarship	summary	2026-08-04
5101c9638b2d2781151db487a22ab4407af938151d891f67c126136f30a0aae9	arrl-cat-the-k2teo-martin-j-green-sr-memorial-scholarship	amount.amountRaw	2026-08-04
2872705f1ed8dcbb15a5eabc92af579995868ed3ba23689f8fe190fa6838262c	arrl-cat-the-k2teo-martin-j-green-sr-memorial-scholarship	amount.awardCountRaw	2026-08-04
1cffbb318e467a8d104a565c836cc69945546c6ad7fdf793b95031ae1ecca07e	arrl-cat-the-k2teo-martin-j-green-sr-memorial-scholarship	constraints	2026-08-04
0be5bdac8c035eb553a62df2baa03a45d65803f8477acafe7e29ee75cb01b8d5	arrl-cat-the-k2teo-martin-j-green-sr-memorial-scholarship	deadline.note	2026-08-04
4f53cda18c2baa0c0354bb5f9a3ecbe5ed12ab4d8e11ba873c2f11161202b945	arrl-cat-the-k2teo-martin-j-green-sr-memorial-scholarship	fundingRestrictions	2026-08-04
69dfe000079f74a8a8997ae1c58cc510294b259bdb9ae152bc4acacb9f14a246	arrl-cat-the-k2teo-martin-j-green-sr-memorial-scholarship	rawOtherText	2026-08-04
ee7c2a54c37947e38dad8553e5b72fb4bc5bdc6b933913f0fbd0554504764be3	arrl-cat-the-k2teo-martin-j-green-sr-memorial-scholarship	summary	2026-08-04
2d2f1fda764e775a913c7535d00376a90869b01f160345e6740ad13624765309	arrl-cat-the-k3ivo-freestate-amateur-radio-club-scholarship	amount.amountRaw	2026-08-04
8b12507783d5becacbf2ebe5b01a60024d8728a8f86dcc818bce699e8b3320bc	arrl-cat-the-k3ivo-freestate-amateur-radio-club-scholarship	amount.awardCountRaw	2026-08-04
43610f644ab44e7f6bf31f2285bcff00cdfe4b4139019e72ac86b8612b6f7d96	arrl-cat-the-k3ivo-freestate-amateur-radio-club-scholarship	constraints	2026-08-04
627cf0754eaaa99b0f6a8fb4d9da2416b9f3ed9b84e697ab51914b1825619a2c	arrl-cat-the-k3ivo-freestate-amateur-radio-club-scholarship	constraints	2026-08-12
0be5bdac8c035eb553a62df2baa03a45d65803f8477acafe7e29ee75cb01b8d5	arrl-cat-the-k3ivo-freestate-amateur-radio-club-scholarship	deadline.note	2026-08-04
4f53cda18c2baa0c0354bb5f9a3ecbe5ed12ab4d8e11ba873c2f11161202b945	arrl-cat-the-k3ivo-freestate-amateur-radio-club-scholarship	fundingRestrictions	2026-08-04
98703e0aef5a2c06264aa35d9af6a43b25b356ec5cfe4dae1087c8e572585edf	arrl-cat-the-k3ivo-freestate-amateur-radio-club-scholarship	rawOtherText	2026-08-04
330ce66daedde4269ff7021494c25ed056d75ccefe93c766c549cdc98e6f30a8	arrl-cat-the-k3ivo-freestate-amateur-radio-club-scholarship	summary	2026-08-04
5101c9638b2d2781151db487a22ab4407af938151d891f67c126136f30a0aae9	arrl-cat-the-k6go-gayle-olson-and-na6mb-mike-binder-scholarship	amount.amountRaw	2026-08-04
2872705f1ed8dcbb15a5eabc92af579995868ed3ba23689f8fe190fa6838262c	arrl-cat-the-k6go-gayle-olson-and-na6mb-mike-binder-scholarship	amount.awardCountRaw	2026-08-04
1d324c718fc5e4bcceca72ee3fe486be5e78ce520664cb713891497c6470ffaa	arrl-cat-the-k6go-gayle-olson-and-na6mb-mike-binder-scholarship	constraints	2026-08-04
1205acecdfe660caac26371a3a2b74e72691903f00ef6457820437617561afe4	arrl-cat-the-k6go-gayle-olson-and-na6mb-mike-binder-scholarship	constraints	2026-08-12
0be5bdac8c035eb553a62df2baa03a45d65803f8477acafe7e29ee75cb01b8d5	arrl-cat-the-k6go-gayle-olson-and-na6mb-mike-binder-scholarship	deadline.note	2026-08-04
4f53cda18c2baa0c0354bb5f9a3ecbe5ed12ab4d8e11ba873c2f11161202b945	arrl-cat-the-k6go-gayle-olson-and-na6mb-mike-binder-scholarship	fundingRestrictions	2026-08-04
51cc40a7e06c5bcd9a3385ba2ac1c9e921f4b7b596d20fb423c48c3c8b19d77d	arrl-cat-the-k6go-gayle-olson-and-na6mb-mike-binder-scholarship	rawOtherText	2026-08-04
eecc4deb9c32b6e1bfc174469c772197168b16807919ac14c050e8fe70b67ae3	arrl-cat-the-k6go-gayle-olson-and-na6mb-mike-binder-scholarship	summary	2026-08-04
9268d0f3ef03795caf9a49883e4557382c23b99292886f428e0c8742eaa2929c	arrl-cat-the-l-b-cebik-w4rnl-and-jean-cebik-n4tzp-scholarship	amount.amountRaw	2026-08-04
2872705f1ed8dcbb15a5eabc92af579995868ed3ba23689f8fe190fa6838262c	arrl-cat-the-l-b-cebik-w4rnl-and-jean-cebik-n4tzp-scholarship	amount.awardCountRaw	2026-08-04
b7cce20838cb96ffceb92fcaecb1bf76afb1c894662fce316e81e0d011d91198	arrl-cat-the-l-b-cebik-w4rnl-and-jean-cebik-n4tzp-scholarship	constraints	2026-08-04
6a22187b393ac4c589079b1047c914d913fdb184424f0473b6925be35e9d0b8a	arrl-cat-the-l-b-cebik-w4rnl-and-jean-cebik-n4tzp-scholarship	constraints	2026-08-12
852f698136cd9bd00b773802c6e5db77056b5da18dab2c0baebb418ace213729	arrl-cat-the-l-b-cebik-w4rnl-and-jean-cebik-n4tzp-scholarship	constraints	2026-08-12
0be5bdac8c035eb553a62df2baa03a45d65803f8477acafe7e29ee75cb01b8d5	arrl-cat-the-l-b-cebik-w4rnl-and-jean-cebik-n4tzp-scholarship	deadline.note	2026-08-04
4f53cda18c2baa0c0354bb5f9a3ecbe5ed12ab4d8e11ba873c2f11161202b945	arrl-cat-the-l-b-cebik-w4rnl-and-jean-cebik-n4tzp-scholarship	fundingRestrictions	2026-08-04
f53504d224cad6b19a384c2bd5b0b7ce32192ca11a2770a42bad6442007a5e30	arrl-cat-the-l-b-cebik-w4rnl-and-jean-cebik-n4tzp-scholarship	rawOtherText	2026-08-04
1cdcc3b1d57e6aafea37684475c5ad56dcb8556efa0c8f908d4c71e8c264b774	arrl-cat-the-l-b-cebik-w4rnl-and-jean-cebik-n4tzp-scholarship	summary	2026-08-04
4ccb899062c0080a49b32fba5350bd1bf6529bff1c9cb228b2c2bfbe50dc5cfc	arrl-cat-the-l-phil-and-alice-j-wicker-scholarship	amount.amountRaw	2026-08-04
2872705f1ed8dcbb15a5eabc92af579995868ed3ba23689f8fe190fa6838262c	arrl-cat-the-l-phil-and-alice-j-wicker-scholarship	amount.awardCountRaw	2026-08-04
a47c28ec42244cd0a1d9d79381497bb8061fa516e41471f7a6b05aedeafd2793	arrl-cat-the-l-phil-and-alice-j-wicker-scholarship	constraints	2026-08-04
124534d1faeef7eddd4d0ce47a689430eafa7f8c351611c2131a8827f51f9a22	arrl-cat-the-l-phil-and-alice-j-wicker-scholarship	constraints	2026-08-12
0be5bdac8c035eb553a62df2baa03a45d65803f8477acafe7e29ee75cb01b8d5	arrl-cat-the-l-phil-and-alice-j-wicker-scholarship	deadline.note	2026-08-04
4f53cda18c2baa0c0354bb5f9a3ecbe5ed12ab4d8e11ba873c2f11161202b945	arrl-cat-the-l-phil-and-alice-j-wicker-scholarship	fundingRestrictions	2026-08-04
b42eea5c9f9ddd57439908f37db45c5fa0c574da76909408df6211aa45504f88	arrl-cat-the-l-phil-and-alice-j-wicker-scholarship	rawOtherText	2026-08-04
bfae723c6913a46026d276a37627cbb77ff2b59c3f2399948cdd5ecc842c0bd1	arrl-cat-the-l-phil-and-alice-j-wicker-scholarship	summary	2026-08-04
5101c9638b2d2781151db487a22ab4407af938151d891f67c126136f30a0aae9	arrl-cat-the-lois-manley-k7lmz-and-randall-pitchford-ww7zz-scholarshi	amount.amountRaw	2026-08-04
2872705f1ed8dcbb15a5eabc92af579995868ed3ba23689f8fe190fa6838262c	arrl-cat-the-lois-manley-k7lmz-and-randall-pitchford-ww7zz-scholarshi	amount.awardCountRaw	2026-08-04
f620f9a06b72a43ab0302ecd920c601eb2f82167e5ac0521dc17b7e1dd71507a	arrl-cat-the-lois-manley-k7lmz-and-randall-pitchford-ww7zz-scholarshi	constraints	2026-08-04
5d9d15d609fc03b86153ad2cefe604d6b3efe2f2adbd5a7a6711b77e0e9fe28a	arrl-cat-the-lois-manley-k7lmz-and-randall-pitchford-ww7zz-scholarshi	constraints	2026-08-12
0be5bdac8c035eb553a62df2baa03a45d65803f8477acafe7e29ee75cb01b8d5	arrl-cat-the-lois-manley-k7lmz-and-randall-pitchford-ww7zz-scholarshi	deadline.note	2026-08-04
4f53cda18c2baa0c0354bb5f9a3ecbe5ed12ab4d8e11ba873c2f11161202b945	arrl-cat-the-lois-manley-k7lmz-and-randall-pitchford-ww7zz-scholarshi	fundingRestrictions	2026-08-04
19ad1fe882e65b2eac336eac729df743927abd2fb54f526b68a8dda6b1493000	arrl-cat-the-lois-manley-k7lmz-and-randall-pitchford-ww7zz-scholarshi	rawOtherText	2026-08-04
8ef063e00b8cddd8139cd69d147929fb5946be1ca593eba4292bea03f1c19335	arrl-cat-the-lois-manley-k7lmz-and-randall-pitchford-ww7zz-scholarshi	summary	2026-08-04
3bdc265ec82d37abef16f5ea22fb286778970546d19760880e5aa055c38e7c3b	arrl-cat-the-louisiana-memorial-scholarship	amount.amountRaw	2026-08-04
2872705f1ed8dcbb15a5eabc92af579995868ed3ba23689f8fe190fa6838262c	arrl-cat-the-louisiana-memorial-scholarship	amount.awardCountRaw	2026-08-04
c16dc51a00076a649299457bdb98d0c6f1586f26f42ddbd0503a6c2c0b29470a	arrl-cat-the-louisiana-memorial-scholarship	constraints	2026-08-04
0be5bdac8c035eb553a62df2baa03a45d65803f8477acafe7e29ee75cb01b8d5	arrl-cat-the-louisiana-memorial-scholarship	deadline.note	2026-08-04
4f53cda18c2baa0c0354bb5f9a3ecbe5ed12ab4d8e11ba873c2f11161202b945	arrl-cat-the-louisiana-memorial-scholarship	fundingRestrictions	2026-08-04
0ea3a49e9fc0f213f3d0c50672d5e28d06ed85539d9f1eb072e34dad21bafdc2	arrl-cat-the-louisiana-memorial-scholarship	rawOtherText	2026-08-04
7ebc76ae56ebaade0ff1bbcd12052e4087fd6e62cf2637c6891df7f14c9f1db9	arrl-cat-the-louisiana-memorial-scholarship	summary	2026-08-04
15aebe143a3514d046ba2ba2236f53f3c0599dcc3a9a77ca2d312cad6e661831	arrl-cat-the-magnolia-dx-association-scholarship	amount.amountRaw	2026-08-04
2872705f1ed8dcbb15a5eabc92af579995868ed3ba23689f8fe190fa6838262c	arrl-cat-the-magnolia-dx-association-scholarship	amount.awardCountRaw	2026-08-04
4b53a4e526c6c1bf6626ebd6bff39299e692040dbe410603ce2e3b62917b10f0	arrl-cat-the-magnolia-dx-association-scholarship	constraints	2026-08-04
df79700a27bf2e4c016ecf9d8985a08dcb3865b96f7e38a7ef1f3c8b1b83a692	arrl-cat-the-magnolia-dx-association-scholarship	constraints	2026-08-12
0be5bdac8c035eb553a62df2baa03a45d65803f8477acafe7e29ee75cb01b8d5	arrl-cat-the-magnolia-dx-association-scholarship	deadline.note	2026-08-04
4f53cda18c2baa0c0354bb5f9a3ecbe5ed12ab4d8e11ba873c2f11161202b945	arrl-cat-the-magnolia-dx-association-scholarship	fundingRestrictions	2026-08-04
f4aec551c3a5b76abe4c3b9cae9b59c9e971149b2c7f005eba05003bf4e04f1b	arrl-cat-the-magnolia-dx-association-scholarship	rawOtherText	2026-08-04
00bc2cd730bd04af2ea90fe6e11d163a1e36ac7a4fd28fa0ad1e40b6c2aabdc2	arrl-cat-the-magnolia-dx-association-scholarship	summary	2026-08-04
5101c9638b2d2781151db487a22ab4407af938151d891f67c126136f30a0aae9	arrl-cat-the-mark-kupferschmid-ac9pr-scholarship	amount.amountRaw	2026-08-04
2872705f1ed8dcbb15a5eabc92af579995868ed3ba23689f8fe190fa6838262c	arrl-cat-the-mark-kupferschmid-ac9pr-scholarship	amount.awardCountRaw	2026-08-04
642c1dce3634cfa1570b172e2502d464e8fa13ffa8639039393caca51d71c392	arrl-cat-the-mark-kupferschmid-ac9pr-scholarship	constraints	2026-08-04
58463f5a0c2e3ae09db2625b06aeb3492f746a9a0c8de997f1cf57876ef53909	arrl-cat-the-mark-kupferschmid-ac9pr-scholarship	constraints	2026-08-12
0be5bdac8c035eb553a62df2baa03a45d65803f8477acafe7e29ee75cb01b8d5	arrl-cat-the-mark-kupferschmid-ac9pr-scholarship	deadline.note	2026-08-04
4f53cda18c2baa0c0354bb5f9a3ecbe5ed12ab4d8e11ba873c2f11161202b945	arrl-cat-the-mark-kupferschmid-ac9pr-scholarship	fundingRestrictions	2026-08-04
ccf551c161187cc93e7680ade813c38bbaac3cdcf83a00a6d2855ecd592d01de	arrl-cat-the-mark-kupferschmid-ac9pr-scholarship	rawOtherText	2026-08-04
fb4b7c3e8e5d74a1b27b2824792dd6cf328c90802d9ffaab16576622138db519	arrl-cat-the-mark-kupferschmid-ac9pr-scholarship	summary	2026-08-04
2d2f1fda764e775a913c7535d00376a90869b01f160345e6740ad13624765309	arrl-cat-the-mary-lou-brown-scholarship	amount.amountRaw	2026-08-04
0ad97fc86d4be073e7a9dc27b28553cf3b5a065baf15b1cb56658ffe4e0987e3	arrl-cat-the-mary-lou-brown-scholarship	amount.awardCountRaw	2026-08-04
4d7726ad487e119ceb67b20fee768e858ddc4ca30ec8847c7abd460c173d1107	arrl-cat-the-mary-lou-brown-scholarship	constraints	2026-08-04
0be5bdac8c035eb553a62df2baa03a45d65803f8477acafe7e29ee75cb01b8d5	arrl-cat-the-mary-lou-brown-scholarship	deadline.note	2026-08-04
4f53cda18c2baa0c0354bb5f9a3ecbe5ed12ab4d8e11ba873c2f11161202b945	arrl-cat-the-mary-lou-brown-scholarship	fundingRestrictions	2026-08-04
feb7d6d743f6b648fd210bc3c0692a27aad948a9dd2411df7c668e9f617d2b84	arrl-cat-the-mary-lou-brown-scholarship	rawOtherText	2026-08-04
ae61f67bcbc84352ac3b857b950c0f724aa5a6c4d3bf6dcc25a8f158a84efd8d	arrl-cat-the-mary-lou-brown-scholarship	summary	2026-08-04
4ccb899062c0080a49b32fba5350bd1bf6529bff1c9cb228b2c2bfbe50dc5cfc	arrl-cat-the-maryland-military-auxiliary-radio-service-inc-mmarsi-sch	amount.amountRaw	2026-08-04
6dd70138c547658b718cd6d66344f1937a6896fb8a8fa93905e779aec92f952a	arrl-cat-the-maryland-military-auxiliary-radio-service-inc-mmarsi-sch	amount.awardCountRaw	2026-08-04
68d8536bbadfd876e6647bd493a50e2aca3ab2f197113013f19420336a5f2924	arrl-cat-the-maryland-military-auxiliary-radio-service-inc-mmarsi-sch	constraints	2026-08-04
2519a4b9c2be1ced699d8e38a483fb792afc87ad7090e0512ae96fa398d04e6b	arrl-cat-the-maryland-military-auxiliary-radio-service-inc-mmarsi-sch	constraints	2026-08-12
0be5bdac8c035eb553a62df2baa03a45d65803f8477acafe7e29ee75cb01b8d5	arrl-cat-the-maryland-military-auxiliary-radio-service-inc-mmarsi-sch	deadline.note	2026-08-04
4f53cda18c2baa0c0354bb5f9a3ecbe5ed12ab4d8e11ba873c2f11161202b945	arrl-cat-the-maryland-military-auxiliary-radio-service-inc-mmarsi-sch	fundingRestrictions	2026-08-04
3385ab569f7364f77861dca0398002278893c055544dc741464a0a91fb57b7cf	arrl-cat-the-maryland-military-auxiliary-radio-service-inc-mmarsi-sch	rawOtherText	2026-08-04
45c875b6f75d84677951704e5e1f325e0b2b468f611b8abd4d2d59bbee8c0803	arrl-cat-the-maryland-military-auxiliary-radio-service-inc-mmarsi-sch	summary	2026-08-04
5101c9638b2d2781151db487a22ab4407af938151d891f67c126136f30a0aae9	arrl-cat-the-medical-amateur-radio-council-marco-scholarship	amount.amountRaw	2026-08-04
2872705f1ed8dcbb15a5eabc92af579995868ed3ba23689f8fe190fa6838262c	arrl-cat-the-medical-amateur-radio-council-marco-scholarship	amount.awardCountRaw	2026-08-04
1c228adb3b97d021a24e1d96b61a863a3a2fb92341347f6be36c63a521a03d32	arrl-cat-the-medical-amateur-radio-council-marco-scholarship	constraints	2026-08-04
92974d50ca29e329d6a845c6c944e390af9b9821d948b0b35d762dd99c0049e2	arrl-cat-the-medical-amateur-radio-council-marco-scholarship	constraints	2026-08-12
9ce1a92defa483929ed7be0ac40e5a4b0ac003f7d079faa7e94cc8dc0e73918b	arrl-cat-the-medical-amateur-radio-council-marco-scholarship	constraints	2026-08-12
0be5bdac8c035eb553a62df2baa03a45d65803f8477acafe7e29ee75cb01b8d5	arrl-cat-the-medical-amateur-radio-council-marco-scholarship	deadline.note	2026-08-04
4f53cda18c2baa0c0354bb5f9a3ecbe5ed12ab4d8e11ba873c2f11161202b945	arrl-cat-the-medical-amateur-radio-council-marco-scholarship	fundingRestrictions	2026-08-04
03ed2b6ed64efe2650dae64fb160d1da14fe2cdb25bc4cd8d950d396449dac0c	arrl-cat-the-medical-amateur-radio-council-marco-scholarship	rawOtherText	2026-08-04
0f84358c344f2bd98423847687bc4f1ac763bf878fe34c7c7abce2f163ffaf2f	arrl-cat-the-medical-amateur-radio-council-marco-scholarship	summary	2026-08-04
2d2f1fda764e775a913c7535d00376a90869b01f160345e6740ad13624765309	arrl-cat-the-michael-holt-k8mjh-and-mary-holt-kc8oip-scholarship	amount.amountRaw	2026-08-04
3d4f2e797c2ed3010efb8c6d9841ac5ac391bcbace36c18fe59bd2f3f5c98c05	arrl-cat-the-michael-holt-k8mjh-and-mary-holt-kc8oip-scholarship	amount.awardCountRaw	2026-08-04
6e9f1a02d90ab66e61df5a6ae3845b96aa107cb207ddfb142176dcff465959d5	arrl-cat-the-michael-holt-k8mjh-and-mary-holt-kc8oip-scholarship	constraints	2026-08-04
18ad831682ee5f0ad1a7c47345c4c1df5825f602d49b4145cc1744f4dd138086	arrl-cat-the-michael-holt-k8mjh-and-mary-holt-kc8oip-scholarship	constraints	2026-08-12
f725f65a9c2af8ecd0eb429b6e7a4f8048141076bf116a50567b26749396d3be	arrl-cat-the-michael-holt-k8mjh-and-mary-holt-kc8oip-scholarship	constraints	2026-08-12
fe15a011994c6e53c69a68f689d6f069dde64ab7edcabfff83a2fa91ab57c61f	arrl-cat-the-michael-holt-k8mjh-and-mary-holt-kc8oip-scholarship	constraints	2026-08-12
0be5bdac8c035eb553a62df2baa03a45d65803f8477acafe7e29ee75cb01b8d5	arrl-cat-the-michael-holt-k8mjh-and-mary-holt-kc8oip-scholarship	deadline.note	2026-08-04
4f53cda18c2baa0c0354bb5f9a3ecbe5ed12ab4d8e11ba873c2f11161202b945	arrl-cat-the-michael-holt-k8mjh-and-mary-holt-kc8oip-scholarship	fundingRestrictions	2026-08-04
c812de4187ab16f6ca41056814046be4e25aa8e863c42e7949a243fadf0a51c8	arrl-cat-the-michael-holt-k8mjh-and-mary-holt-kc8oip-scholarship	rawOtherText	2026-08-04
b6fb2d1e9996ef7a0abd1fbbd6ae42ad1c5832ecb11d8f2ac54fef3c17382a45	arrl-cat-the-michael-holt-k8mjh-and-mary-holt-kc8oip-scholarship	summary	2026-08-04
4ccb899062c0080a49b32fba5350bd1bf6529bff1c9cb228b2c2bfbe50dc5cfc	arrl-cat-the-michael-r-ware-nn3i-scholarship	amount.amountRaw	2026-08-04
2872705f1ed8dcbb15a5eabc92af579995868ed3ba23689f8fe190fa6838262c	arrl-cat-the-michael-r-ware-nn3i-scholarship	amount.awardCountRaw	2026-08-04
68974aa5c7033dfeadc9767df64d165a34f04201803642c5c90b675cdb569545	arrl-cat-the-michael-r-ware-nn3i-scholarship	constraints	2026-08-04
1956d26f81162635c32e0281c2bc7c44831ef31aebdaee504a098388f56a1319	arrl-cat-the-michael-r-ware-nn3i-scholarship	constraints	2026-08-12
5a991d42330ee859b35f2fc240b93519bf342dffe9e223bbc1648c06951b5bb5	arrl-cat-the-michael-r-ware-nn3i-scholarship	constraints	2026-08-12
9c1bf8acab0730da7d0a07a3e87b78e5a2cd032d77afc28f88cce194c610a1ca	arrl-cat-the-michael-r-ware-nn3i-scholarship	constraints	2026-08-12
0be5bdac8c035eb553a62df2baa03a45d65803f8477acafe7e29ee75cb01b8d5	arrl-cat-the-michael-r-ware-nn3i-scholarship	deadline.note	2026-08-04
4f53cda18c2baa0c0354bb5f9a3ecbe5ed12ab4d8e11ba873c2f11161202b945	arrl-cat-the-michael-r-ware-nn3i-scholarship	fundingRestrictions	2026-08-04
0cdd59af770cb599cbfc1f713d44c23d36183a5dc684a80eed91cfb914060af0	arrl-cat-the-michael-r-ware-nn3i-scholarship	rawOtherText	2026-08-04
5f77c83b6d847b2312b6ac3ffac748611c6ea5ce6067a733658d92e6a7faa024	arrl-cat-the-michael-r-ware-nn3i-scholarship	summary	2026-08-04
2d2f1fda764e775a913c7535d00376a90869b01f160345e6740ad13624765309	arrl-cat-the-michael-tortorella-w2iy-scholarship-fund	amount.amountRaw	2026-08-04
2872705f1ed8dcbb15a5eabc92af579995868ed3ba23689f8fe190fa6838262c	arrl-cat-the-michael-tortorella-w2iy-scholarship-fund	amount.awardCountRaw	2026-08-04
8547bdaf419264a1f0f3203d6e51007752d239f34eb46410c1511d0511df2e69	arrl-cat-the-michael-tortorella-w2iy-scholarship-fund	constraints	2026-08-04
72bc5abe8467b6b8629837963f35736f06c5ad4831f89b151eb73ced61bf07e0	arrl-cat-the-michael-tortorella-w2iy-scholarship-fund	constraints	2026-08-12
0be5bdac8c035eb553a62df2baa03a45d65803f8477acafe7e29ee75cb01b8d5	arrl-cat-the-michael-tortorella-w2iy-scholarship-fund	deadline.note	2026-08-04
4f53cda18c2baa0c0354bb5f9a3ecbe5ed12ab4d8e11ba873c2f11161202b945	arrl-cat-the-michael-tortorella-w2iy-scholarship-fund	fundingRestrictions	2026-08-04
a0b47118a476bc63f5aa24e44255d8fca712422ed5468074c2cc63a4b78d90df	arrl-cat-the-michael-tortorella-w2iy-scholarship-fund	rawOtherText	2026-08-04
d715b877a693d8d59f8c63690fec110f92fe9c374009aead43ab01811561cc39	arrl-cat-the-michael-tortorella-w2iy-scholarship-fund	summary	2026-08-04
15aebe143a3514d046ba2ba2236f53f3c0599dcc3a9a77ca2d312cad6e661831	arrl-cat-the-mississippi-scholarship	amount.amountRaw	2026-08-04
2872705f1ed8dcbb15a5eabc92af579995868ed3ba23689f8fe190fa6838262c	arrl-cat-the-mississippi-scholarship	amount.awardCountRaw	2026-08-04
8ac9b08e1b985d3afa05e925d495402ea74a9ba6684a524d48f157b7e2337696	arrl-cat-the-mississippi-scholarship	constraints	2026-08-04
cee95309fd46d5d0093da8b1719e23c10b7f14affe3d96b87630d31a14dab3dc	arrl-cat-the-mississippi-scholarship	constraints	2026-08-12
0be5bdac8c035eb553a62df2baa03a45d65803f8477acafe7e29ee75cb01b8d5	arrl-cat-the-mississippi-scholarship	deadline.note	2026-08-04
4f53cda18c2baa0c0354bb5f9a3ecbe5ed12ab4d8e11ba873c2f11161202b945	arrl-cat-the-mississippi-scholarship	fundingRestrictions	2026-08-04
bb735dc832b1a615b72373794266086f8ab57ad4bc44d0500e3dd369df17ba98	arrl-cat-the-mississippi-scholarship	rawOtherText	2026-08-04
3842fd9c6a3d3c17bbe3b0c23c47c70df8e86afb291df31698d093aec7e3ce74	arrl-cat-the-mississippi-scholarship	summary	2026-08-04
2d2f1fda764e775a913c7535d00376a90869b01f160345e6740ad13624765309	arrl-cat-the-new-england-amateur-radio-festival-near-fest-memorial-sc	amount.amountRaw	2026-08-04
2872705f1ed8dcbb15a5eabc92af579995868ed3ba23689f8fe190fa6838262c	arrl-cat-the-new-england-amateur-radio-festival-near-fest-memorial-sc	amount.awardCountRaw	2026-08-04
d4b2ff12b11ac7527c447724b047c009a0afa100b6535a0b284067b9d78562c9	arrl-cat-the-new-england-amateur-radio-festival-near-fest-memorial-sc	constraints	2026-08-04
0be5bdac8c035eb553a62df2baa03a45d65803f8477acafe7e29ee75cb01b8d5	arrl-cat-the-new-england-amateur-radio-festival-near-fest-memorial-sc	deadline.note	2026-08-04
4f53cda18c2baa0c0354bb5f9a3ecbe5ed12ab4d8e11ba873c2f11161202b945	arrl-cat-the-new-england-amateur-radio-festival-near-fest-memorial-sc	fundingRestrictions	2026-08-04
5e2fc465cd4b12b9270b8b04a71e18b55d0a3a439ac9bf2e5897c7cfeec8cf2a	arrl-cat-the-new-england-amateur-radio-festival-near-fest-memorial-sc	rawOtherText	2026-08-04
76cd982ec168c5ff66729dbe10359c38f13443c0119c650d6db4f6376f9be06d	arrl-cat-the-new-england-amateur-radio-festival-near-fest-memorial-sc	summary	2026-08-04
4ccb899062c0080a49b32fba5350bd1bf6529bff1c9cb228b2c2bfbe50dc5cfc	arrl-cat-the-new-england-femara-scholarship	amount.amountRaw	2026-08-04
0ad97fc86d4be073e7a9dc27b28553cf3b5a065baf15b1cb56658ffe4e0987e3	arrl-cat-the-new-england-femara-scholarship	amount.awardCountRaw	2026-08-04
d5036eff6a9e7c50997aa3c667fa74665057a068126a96adefe2d1d9121f65d0	arrl-cat-the-new-england-femara-scholarship	constraints	2026-08-04
0be5bdac8c035eb553a62df2baa03a45d65803f8477acafe7e29ee75cb01b8d5	arrl-cat-the-new-england-femara-scholarship	deadline.note	2026-08-04
4f53cda18c2baa0c0354bb5f9a3ecbe5ed12ab4d8e11ba873c2f11161202b945	arrl-cat-the-new-england-femara-scholarship	fundingRestrictions	2026-08-04
b410eda7289b3e7b1419eb0be254431fd7ea440f550203a7b38f293eef526dc3	arrl-cat-the-new-england-femara-scholarship	rawOtherText	2026-08-04
dcecc875d06263843818010e75eb3dcd0dff6f170990bb16a19ea4ab4a12459a	arrl-cat-the-new-england-femara-scholarship	summary	2026-08-04
4ccb899062c0080a49b32fba5350bd1bf6529bff1c9cb228b2c2bfbe50dc5cfc	arrl-cat-the-north-fulton-amateur-radio-league-scholarship	amount.amountRaw	2026-08-04
e9f249d151c09f546e17f8c39884606dd595b7b9a0f6c6f9d591806b8067c738	arrl-cat-the-north-fulton-amateur-radio-league-scholarship	amount.awardCountRaw	2026-08-04
82232c95091714c40536898fd54508838f0e2354ec00f058536e704a43635dd4	arrl-cat-the-north-fulton-amateur-radio-league-scholarship	constraints	2026-08-04
4c3147df9804e284b1cb2557a5a7e01d34270aa06d62cb12a53e1d5edbc36845	arrl-cat-the-north-fulton-amateur-radio-league-scholarship	constraints	2026-08-12
80e978e0b8e5d48ebba27365cd878ad7425eecd97e1facf9c56d3782211d31e1	arrl-cat-the-north-fulton-amateur-radio-league-scholarship	constraints	2026-08-12
ba3d54765acf19c22369c0fb5f9976b1edcd79efe248e0027f6736792b336773	arrl-cat-the-north-fulton-amateur-radio-league-scholarship	constraints	2026-08-12
0be5bdac8c035eb553a62df2baa03a45d65803f8477acafe7e29ee75cb01b8d5	arrl-cat-the-north-fulton-amateur-radio-league-scholarship	deadline.note	2026-08-04
4f53cda18c2baa0c0354bb5f9a3ecbe5ed12ab4d8e11ba873c2f11161202b945	arrl-cat-the-north-fulton-amateur-radio-league-scholarship	fundingRestrictions	2026-08-04
e6152dd56e56735166f5048e46e031eb66447c542a59c9091b34a6cf4d85deaa	arrl-cat-the-north-fulton-amateur-radio-league-scholarship	rawOtherText	2026-08-04
70fe949f1ccf697f0ae07661c62c122add2b3ae31a273b8ecf1bcc4c30251b7d	arrl-cat-the-north-fulton-amateur-radio-league-scholarship	summary	2026-08-04
3bdc265ec82d37abef16f5ea22fb286778970546d19760880e5aa055c38e7c3b	arrl-cat-the-north-texas-section-bob-nelson-kb5bnu-memorial-scholarsh	amount.amountRaw	2026-08-04
2872705f1ed8dcbb15a5eabc92af579995868ed3ba23689f8fe190fa6838262c	arrl-cat-the-north-texas-section-bob-nelson-kb5bnu-memorial-scholarsh	amount.awardCountRaw	2026-08-04
9797fbcc47797b04881c846470e884b96f889f93f91db86caf78ae841a97b6a4	arrl-cat-the-north-texas-section-bob-nelson-kb5bnu-memorial-scholarsh	constraints	2026-08-04
60980608ede8e08c5b457f0f6ad0edae097e94ea3e21d0f51898c18b06faa524	arrl-cat-the-north-texas-section-bob-nelson-kb5bnu-memorial-scholarsh	constraints	2026-08-12
0be5bdac8c035eb553a62df2baa03a45d65803f8477acafe7e29ee75cb01b8d5	arrl-cat-the-north-texas-section-bob-nelson-kb5bnu-memorial-scholarsh	deadline.note	2026-08-04
4f53cda18c2baa0c0354bb5f9a3ecbe5ed12ab4d8e11ba873c2f11161202b945	arrl-cat-the-north-texas-section-bob-nelson-kb5bnu-memorial-scholarsh	fundingRestrictions	2026-08-04
8f3f981d424cebacf65223e32bccad594df01f7e924e6f96d68655ec04a272e3	arrl-cat-the-north-texas-section-bob-nelson-kb5bnu-memorial-scholarsh	rawOtherText	2026-08-04
40939782b3f642187863b7b65ed4dcd040d705b2bccf439125097cdaf7bc0fb6	arrl-cat-the-north-texas-section-bob-nelson-kb5bnu-memorial-scholarsh	summary	2026-08-04
5101c9638b2d2781151db487a22ab4407af938151d891f67c126136f30a0aae9	arrl-cat-the-orlando-hamcation-scholarship	amount.amountRaw	2026-08-04
2872705f1ed8dcbb15a5eabc92af579995868ed3ba23689f8fe190fa6838262c	arrl-cat-the-orlando-hamcation-scholarship	amount.awardCountRaw	2026-08-04
2bb937077a7d126e7ee895633ef86585ad5de24ce213429fecd75d3aa3a062a5	arrl-cat-the-orlando-hamcation-scholarship	constraints	2026-08-04
1bc7fe6c74b37af3bd408275ddf61c23754e54ba52db70c69f917ff8af6a4dab	arrl-cat-the-orlando-hamcation-scholarship	constraints	2026-08-12
ef63c82847c2ef3a33efefa1d6cd43bbd3e2c32761668f3e707a73dd07c400c1	arrl-cat-the-orlando-hamcation-scholarship	constraints	2026-08-12
f04fa3a10b472c86609f97ab6a46bdb70f021b5c25f3b4aa098a2b0e9c075afb	arrl-cat-the-orlando-hamcation-scholarship	constraints	2026-08-12
0be5bdac8c035eb553a62df2baa03a45d65803f8477acafe7e29ee75cb01b8d5	arrl-cat-the-orlando-hamcation-scholarship	deadline.note	2026-08-04
4f53cda18c2baa0c0354bb5f9a3ecbe5ed12ab4d8e11ba873c2f11161202b945	arrl-cat-the-orlando-hamcation-scholarship	fundingRestrictions	2026-08-04
fbd01e71782ad1d0a59c0d177bf450b0199d017f6f9dc0671a7256a7b4065a11	arrl-cat-the-orlando-hamcation-scholarship	rawOtherText	2026-08-04
f64daccd9ca7e5be105e7eb06d826c94d7044418a0cb3a882316e561eb1e7728	arrl-cat-the-orlando-hamcation-scholarship	summary	2026-08-04
4ccb899062c0080a49b32fba5350bd1bf6529bff1c9cb228b2c2bfbe50dc5cfc	arrl-cat-the-ozaukee-radio-club-w9cqo-scholarship	amount.amountRaw	2026-08-04
2872705f1ed8dcbb15a5eabc92af579995868ed3ba23689f8fe190fa6838262c	arrl-cat-the-ozaukee-radio-club-w9cqo-scholarship	amount.awardCountRaw	2026-08-04
50a6c1d3a4f5acce550f7b469e40de5a22a5b4bc3f19414ad243b140fab7f02b	arrl-cat-the-ozaukee-radio-club-w9cqo-scholarship	constraints	2026-08-04
0be5bdac8c035eb553a62df2baa03a45d65803f8477acafe7e29ee75cb01b8d5	arrl-cat-the-ozaukee-radio-club-w9cqo-scholarship	deadline.note	2026-08-04
4f53cda18c2baa0c0354bb5f9a3ecbe5ed12ab4d8e11ba873c2f11161202b945	arrl-cat-the-ozaukee-radio-club-w9cqo-scholarship	fundingRestrictions	2026-08-04
5e5c1380540a9adbc010485cef352c82ccfe0d59c551fbbe860d9c087048e65e	arrl-cat-the-ozaukee-radio-club-w9cqo-scholarship	rawOtherText	2026-08-04
55ac4e718343c27abf14a9b92de0986b23d74d8b3a58ca1ea139fd4cefc2260b	arrl-cat-the-ozaukee-radio-club-w9cqo-scholarship	summary	2026-08-04
5101c9638b2d2781151db487a22ab4407af938151d891f67c126136f30a0aae9	arrl-cat-the-palomar-amateur-radio-club-parc-scholarship	amount.amountRaw	2026-08-04
2872705f1ed8dcbb15a5eabc92af579995868ed3ba23689f8fe190fa6838262c	arrl-cat-the-palomar-amateur-radio-club-parc-scholarship	amount.awardCountRaw	2026-08-04
bcff94c93894b69338d05bb0f560b4e4ff6523bcd327c1cbc767c201c7186290	arrl-cat-the-palomar-amateur-radio-club-parc-scholarship	constraints	2026-08-04
632c39dcaccdad8822e70fe72f7f09f2285feef07fab8a64d1a1d2683f62c413	arrl-cat-the-palomar-amateur-radio-club-parc-scholarship	constraints	2026-08-12
b62c1c75b135e80dc6af856f952a2bb95c7f91883353165a7e09e61578b372ea	arrl-cat-the-palomar-amateur-radio-club-parc-scholarship	constraints	2026-08-12
0be5bdac8c035eb553a62df2baa03a45d65803f8477acafe7e29ee75cb01b8d5	arrl-cat-the-palomar-amateur-radio-club-parc-scholarship	deadline.note	2026-08-04
4f53cda18c2baa0c0354bb5f9a3ecbe5ed12ab4d8e11ba873c2f11161202b945	arrl-cat-the-palomar-amateur-radio-club-parc-scholarship	fundingRestrictions	2026-08-04
d0bb8e8dc9255fcde33579a5cf6353566daa7ff9b02ad6465294008195bc8399	arrl-cat-the-palomar-amateur-radio-club-parc-scholarship	rawOtherText	2026-08-04
2f64f858041ecb9eb099e58ee2d388cc961a9f0512f73a0664ec7456e939b85f	arrl-cat-the-palomar-amateur-radio-club-parc-scholarship	summary	2026-08-04
5101c9638b2d2781151db487a22ab4407af938151d891f67c126136f30a0aae9	arrl-cat-the-paul-and-helen-l-grauer-scholarship	amount.amountRaw	2026-08-04
2872705f1ed8dcbb15a5eabc92af579995868ed3ba23689f8fe190fa6838262c	arrl-cat-the-paul-and-helen-l-grauer-scholarship	amount.awardCountRaw	2026-08-04
de7dc0f27f90386b05a1d19e49974396d473b3c9aae4c064ad6ed78397c793f6	arrl-cat-the-paul-and-helen-l-grauer-scholarship	constraints	2026-08-04
44b4ee90e4874c7ad56e845ad4e9dee33ecf62ad5f4538a5438c5918820d4d67	arrl-cat-the-paul-and-helen-l-grauer-scholarship	constraints	2026-08-12
0be5bdac8c035eb553a62df2baa03a45d65803f8477acafe7e29ee75cb01b8d5	arrl-cat-the-paul-and-helen-l-grauer-scholarship	deadline.note	2026-08-04
4f53cda18c2baa0c0354bb5f9a3ecbe5ed12ab4d8e11ba873c2f11161202b945	arrl-cat-the-paul-and-helen-l-grauer-scholarship	fundingRestrictions	2026-08-04
80cc138f70267efb6b47339bda76d7c9f2162dc02420dfa67c87d92c62024b30	arrl-cat-the-paul-and-helen-l-grauer-scholarship	rawOtherText	2026-08-04
8fd867b65e1b9d433b19bb29a4ef5f141360af38e24ddea9d9bd418fe1c7d491	arrl-cat-the-paul-and-helen-l-grauer-scholarship	summary	2026-08-04
15aebe143a3514d046ba2ba2236f53f3c0599dcc3a9a77ca2d312cad6e661831	arrl-cat-the-peoria-area-amateur-radio-club-scholarship	amount.amountRaw	2026-08-04
2872705f1ed8dcbb15a5eabc92af579995868ed3ba23689f8fe190fa6838262c	arrl-cat-the-peoria-area-amateur-radio-club-scholarship	amount.awardCountRaw	2026-08-04
77c7fe97747821c54dd6bf29135038835e3d7722a8ddd07867e7463e5e93c2a4	arrl-cat-the-peoria-area-amateur-radio-club-scholarship	constraints	2026-08-04
89613dde875970a0e2a72bb49cff9280c60a8a50fef7c2634acd4e73ade53a0b	arrl-cat-the-peoria-area-amateur-radio-club-scholarship	constraints	2026-08-12
0be5bdac8c035eb553a62df2baa03a45d65803f8477acafe7e29ee75cb01b8d5	arrl-cat-the-peoria-area-amateur-radio-club-scholarship	deadline.note	2026-08-04
4f53cda18c2baa0c0354bb5f9a3ecbe5ed12ab4d8e11ba873c2f11161202b945	arrl-cat-the-peoria-area-amateur-radio-club-scholarship	fundingRestrictions	2026-08-04
1ccb878c2475c45489cc22d28f0c6f9e8345312d3fc717c9eed208ef3066bf60	arrl-cat-the-peoria-area-amateur-radio-club-scholarship	rawOtherText	2026-08-04
93937bf70bc1d89fbbaae11a2c814f390e8c4762eb4bfb520ef16a2f521c0348	arrl-cat-the-peoria-area-amateur-radio-club-scholarship	summary	2026-08-04
5101c9638b2d2781151db487a22ab4407af938151d891f67c126136f30a0aae9	arrl-cat-the-phd-amateur-radio-association-scholarship	amount.amountRaw	2026-08-04
2872705f1ed8dcbb15a5eabc92af579995868ed3ba23689f8fe190fa6838262c	arrl-cat-the-phd-amateur-radio-association-scholarship	amount.awardCountRaw	2026-08-04
4c18404af82e4c8e8d67fbd4fa9dc4cea3791c9c554dacb74e14140ac6fce572	arrl-cat-the-phd-amateur-radio-association-scholarship	constraints	2026-08-04
0be5bdac8c035eb553a62df2baa03a45d65803f8477acafe7e29ee75cb01b8d5	arrl-cat-the-phd-amateur-radio-association-scholarship	deadline.note	2026-08-04
4f53cda18c2baa0c0354bb5f9a3ecbe5ed12ab4d8e11ba873c2f11161202b945	arrl-cat-the-phd-amateur-radio-association-scholarship	fundingRestrictions	2026-08-04
f2e8330dc7f96d010c7c87645034bc451c5c84109f12a63bddf857c9b8015d1a	arrl-cat-the-phd-amateur-radio-association-scholarship	rawOtherText	2026-08-04
a7a9bef5fbb4574914be4a0f84585454a9acf48fd8bc9677dd003e18fa415b61	arrl-cat-the-phd-amateur-radio-association-scholarship	summary	2026-08-04
4ccb899062c0080a49b32fba5350bd1bf6529bff1c9cb228b2c2bfbe50dc5cfc	arrl-cat-the-pikes-peak-radio-amateur-association-ppraa-memorial-scho	amount.amountRaw	2026-08-04
2872705f1ed8dcbb15a5eabc92af579995868ed3ba23689f8fe190fa6838262c	arrl-cat-the-pikes-peak-radio-amateur-association-ppraa-memorial-scho	amount.awardCountRaw	2026-08-04
ca0e22b6d6c1156109169867b2354c4ae1054db4037cf9e8f3a8ab4995e2f5a7	arrl-cat-the-pikes-peak-radio-amateur-association-ppraa-memorial-scho	constraints	2026-08-04
4d521c16b04f57a403618bd436a3dcd7936d57825a86fb64888af6ca9e92d8fb	arrl-cat-the-pikes-peak-radio-amateur-association-ppraa-memorial-scho	constraints	2026-08-12
9a070a5eefe9a10aa1a27be4f4c4a130bf4d2f591808b4630d4cd06ab6cee549	arrl-cat-the-pikes-peak-radio-amateur-association-ppraa-memorial-scho	constraints	2026-08-12
d8818e0f16b475aecc44494fd49dff29a634f98b37af86ebca098b50952da062	arrl-cat-the-pikes-peak-radio-amateur-association-ppraa-memorial-scho	constraints	2026-08-12
0be5bdac8c035eb553a62df2baa03a45d65803f8477acafe7e29ee75cb01b8d5	arrl-cat-the-pikes-peak-radio-amateur-association-ppraa-memorial-scho	deadline.note	2026-08-04
4f53cda18c2baa0c0354bb5f9a3ecbe5ed12ab4d8e11ba873c2f11161202b945	arrl-cat-the-pikes-peak-radio-amateur-association-ppraa-memorial-scho	fundingRestrictions	2026-08-04
5aef0c468d5f743e7c6c032169093f5e097faa3ce0cc1a0968d2fa7cdeade4b9	arrl-cat-the-pikes-peak-radio-amateur-association-ppraa-memorial-scho	rawOtherText	2026-08-04
f8ef121692f321ac69816235ec3c24fde3938242fdd0ea40f6751afddfafecbe	arrl-cat-the-pikes-peak-radio-amateur-association-ppraa-memorial-scho	summary	2026-08-04
50e5c930578954e631f9c75bfe0ef0b7d0f0b5c27638d20ec1049649881f0acc	arrl-cat-the-potomac-valley-radio-club-pvrc-scholarship	amount.amountRaw	2026-08-04
e9f249d151c09f546e17f8c39884606dd595b7b9a0f6c6f9d591806b8067c738	arrl-cat-the-potomac-valley-radio-club-pvrc-scholarship	amount.awardCountRaw	2026-08-04
b17ebd7707f78d7ffb9513d3bde472533b7aabb091c867f4ca8eeb5319476660	arrl-cat-the-potomac-valley-radio-club-pvrc-scholarship	constraints	2026-08-04
0be5bdac8c035eb553a62df2baa03a45d65803f8477acafe7e29ee75cb01b8d5	arrl-cat-the-potomac-valley-radio-club-pvrc-scholarship	deadline.note	2026-08-04
4f53cda18c2baa0c0354bb5f9a3ecbe5ed12ab4d8e11ba873c2f11161202b945	arrl-cat-the-potomac-valley-radio-club-pvrc-scholarship	fundingRestrictions	2026-08-04
e12aab6d7040b45eac75cce219311b47261128b42e554325aba0c5de745003fb	arrl-cat-the-potomac-valley-radio-club-pvrc-scholarship	rawOtherText	2026-08-04
a504008072578131c3e71304ff111b5dda63677924fd814214131616e47bf01c	arrl-cat-the-potomac-valley-radio-club-pvrc-scholarship	summary	2026-08-04
50e5c930578954e631f9c75bfe0ef0b7d0f0b5c27638d20ec1049649881f0acc	arrl-cat-the-quarter-century-wireless-association-inc-qcwa-scholarshi	amount.amountRaw	2026-08-04
9400f1b21cb527d7fa3d3eabba93557a18ebe7a2ca4e471cfe5e4c5b4ca7f767	arrl-cat-the-quarter-century-wireless-association-inc-qcwa-scholarshi	amount.awardCountRaw	2026-08-04
8160230b1fc02a3191c0f3fcad506338c8878adcabed21965364ffe4aec6a8b4	arrl-cat-the-quarter-century-wireless-association-inc-qcwa-scholarshi	constraints	2026-08-04
0be5bdac8c035eb553a62df2baa03a45d65803f8477acafe7e29ee75cb01b8d5	arrl-cat-the-quarter-century-wireless-association-inc-qcwa-scholarshi	deadline.note	2026-08-04
4f53cda18c2baa0c0354bb5f9a3ecbe5ed12ab4d8e11ba873c2f11161202b945	arrl-cat-the-quarter-century-wireless-association-inc-qcwa-scholarshi	fundingRestrictions	2026-08-04
22c41bb46796991d30a3a4dc48aaa99723c1caea31bcbd0970e2aa7ace99384e	arrl-cat-the-quarter-century-wireless-association-inc-qcwa-scholarshi	rawOtherText	2026-08-04
81912d8c0d22e98abfd60780ae91a08496360aa7244765a21967910829ae4ea9	arrl-cat-the-quarter-century-wireless-association-inc-qcwa-scholarshi	summary	2026-08-04
0602ec489f56d2f936390538340ed78fcedf9f007a19df3013d0219218f7fb26	arrl-cat-the-ray-n-rp-katie-w-kte-pautz-scholarship	amount.amountRaw	2026-08-04
2872705f1ed8dcbb15a5eabc92af579995868ed3ba23689f8fe190fa6838262c	arrl-cat-the-ray-n-rp-katie-w-kte-pautz-scholarship	amount.awardCountRaw	2026-08-04
a2fe15e28f774bc05ee96b900d662d856eb69a4b9f3882834feb9f16811d27cb	arrl-cat-the-ray-n-rp-katie-w-kte-pautz-scholarship	constraints	2026-08-04
dfe2ed7991f9accfa0e81edad630a96135b7dc151f5fd701f9f6ff1805094849	arrl-cat-the-ray-n-rp-katie-w-kte-pautz-scholarship	constraints	2026-08-12
e4e00e69f85f4b7bbbaca2fa18a30d6877fc2c490d890ad29b4e5cc09e9da815	arrl-cat-the-ray-n-rp-katie-w-kte-pautz-scholarship	constraints	2026-08-12
0be5bdac8c035eb553a62df2baa03a45d65803f8477acafe7e29ee75cb01b8d5	arrl-cat-the-ray-n-rp-katie-w-kte-pautz-scholarship	deadline.note	2026-08-04
4f53cda18c2baa0c0354bb5f9a3ecbe5ed12ab4d8e11ba873c2f11161202b945	arrl-cat-the-ray-n-rp-katie-w-kte-pautz-scholarship	fundingRestrictions	2026-08-04
939186d39a96006f4ddbb96ca458a8c441869698a1a0fb253e7c39143cb59243	arrl-cat-the-ray-n-rp-katie-w-kte-pautz-scholarship	rawOtherText	2026-08-04
5608857348a4f70edd3fa6da6be35df86322e96321d3e473cf112d5221424f4a	arrl-cat-the-ray-n-rp-katie-w-kte-pautz-scholarship	summary	2026-08-04
5101c9638b2d2781151db487a22ab4407af938151d891f67c126136f30a0aae9	arrl-cat-the-rev-paul-e-bittner-w-aih-memorial-scholarship	amount.amountRaw	2026-08-04
2872705f1ed8dcbb15a5eabc92af579995868ed3ba23689f8fe190fa6838262c	arrl-cat-the-rev-paul-e-bittner-w-aih-memorial-scholarship	amount.awardCountRaw	2026-08-04
7f001462348b0a08728478adee261a32b46c046e4e62c3ec75ab1c8fbc7ab278	arrl-cat-the-rev-paul-e-bittner-w-aih-memorial-scholarship	constraints	2026-08-04
ac3a0d09c2837dfdc0a19da37216b4989cc66c6853bc7413ad5f17e524bb5199	arrl-cat-the-rev-paul-e-bittner-w-aih-memorial-scholarship	constraints	2026-08-12
0be5bdac8c035eb553a62df2baa03a45d65803f8477acafe7e29ee75cb01b8d5	arrl-cat-the-rev-paul-e-bittner-w-aih-memorial-scholarship	deadline.note	2026-08-04
4f53cda18c2baa0c0354bb5f9a3ecbe5ed12ab4d8e11ba873c2f11161202b945	arrl-cat-the-rev-paul-e-bittner-w-aih-memorial-scholarship	fundingRestrictions	2026-08-04
baadce91365ac696ca63b9d63fb1ba205402564fde33e3af8a695467cb4b2135	arrl-cat-the-rev-paul-e-bittner-w-aih-memorial-scholarship	rawOtherText	2026-08-04
35f9af7bae31f53cceb9b40cd6178d5d01857473749c318cad322c0c562431a1	arrl-cat-the-rev-paul-e-bittner-w-aih-memorial-scholarship	summary	2026-08-04
5101c9638b2d2781151db487a22ab4407af938151d891f67c126136f30a0aae9	arrl-cat-the-rfinder-llc-arthur-l-greenberg-w2lh-and-madeline-greenbe	amount.amountRaw	2026-08-04
2872705f1ed8dcbb15a5eabc92af579995868ed3ba23689f8fe190fa6838262c	arrl-cat-the-rfinder-llc-arthur-l-greenberg-w2lh-and-madeline-greenbe	amount.awardCountRaw	2026-08-04
a417c0693a8f18cc10696122889be6ae3ebe18b983ff400a4804ade8e349d9f1	arrl-cat-the-rfinder-llc-arthur-l-greenberg-w2lh-and-madeline-greenbe	constraints	2026-08-04
cfd2fff6954881ccc89304e4fe5a2b7433a1319a02d8582808b1db7447798127	arrl-cat-the-rfinder-llc-arthur-l-greenberg-w2lh-and-madeline-greenbe	constraints	2026-08-12
0be5bdac8c035eb553a62df2baa03a45d65803f8477acafe7e29ee75cb01b8d5	arrl-cat-the-rfinder-llc-arthur-l-greenberg-w2lh-and-madeline-greenbe	deadline.note	2026-08-04
4f53cda18c2baa0c0354bb5f9a3ecbe5ed12ab4d8e11ba873c2f11161202b945	arrl-cat-the-rfinder-llc-arthur-l-greenberg-w2lh-and-madeline-greenbe	fundingRestrictions	2026-08-04
8f3f981d424cebacf65223e32bccad594df01f7e924e6f96d68655ec04a272e3	arrl-cat-the-rfinder-llc-arthur-l-greenberg-w2lh-and-madeline-greenbe	rawOtherText	2026-08-04
24724dbc1ca4fe5ec9fac95e905c238130c73f9d2cf27fa11e63a551d798ab36	arrl-cat-the-rfinder-llc-arthur-l-greenberg-w2lh-and-madeline-greenbe	summary	2026-08-04
5101c9638b2d2781151db487a22ab4407af938151d891f67c126136f30a0aae9	arrl-cat-the-richard-g-kirkpatrick-k8wu-memorial-scholarship	amount.amountRaw	2026-08-04
2872705f1ed8dcbb15a5eabc92af579995868ed3ba23689f8fe190fa6838262c	arrl-cat-the-richard-g-kirkpatrick-k8wu-memorial-scholarship	amount.awardCountRaw	2026-08-04
9c49680d5ff6d74d1b2b6d4b4ab217117d0cbe5b4ee782d28a0b3e074de12f4a	arrl-cat-the-richard-g-kirkpatrick-k8wu-memorial-scholarship	constraints	2026-08-04
0be5bdac8c035eb553a62df2baa03a45d65803f8477acafe7e29ee75cb01b8d5	arrl-cat-the-richard-g-kirkpatrick-k8wu-memorial-scholarship	deadline.note	2026-08-04
4f53cda18c2baa0c0354bb5f9a3ecbe5ed12ab4d8e11ba873c2f11161202b945	arrl-cat-the-richard-g-kirkpatrick-k8wu-memorial-scholarship	fundingRestrictions	2026-08-04
ab533d770069d79c47cdbcad2cf28a62fba5addde7d6d497d79ceb7631fdc4fa	arrl-cat-the-richard-g-kirkpatrick-k8wu-memorial-scholarship	rawOtherText	2026-08-04
ee367235cff79b5ce579d6adf8e0b03372bc750f9112689232f756183e61cc56	arrl-cat-the-richard-g-kirkpatrick-k8wu-memorial-scholarship	summary	2026-08-04
5101c9638b2d2781151db487a22ab4407af938151d891f67c126136f30a0aae9	arrl-cat-the-richard-w-bendicksen-n7zl-memorial-scholarship	amount.amountRaw	2026-08-04
2872705f1ed8dcbb15a5eabc92af579995868ed3ba23689f8fe190fa6838262c	arrl-cat-the-richard-w-bendicksen-n7zl-memorial-scholarship	amount.awardCountRaw	2026-08-04
3f592238353c7c6c1545156b3b5aa14dc42c5307166a99c671dd121f9a7fb60e	arrl-cat-the-richard-w-bendicksen-n7zl-memorial-scholarship	constraints	2026-08-04
34ce698ae9638873f3468705478f5431db696a42de2a70cf984015c874890ca4	arrl-cat-the-richard-w-bendicksen-n7zl-memorial-scholarship	constraints	2026-08-12
55471c9d865d3c43bc3bd58b97d7d2be4fabe7500ccd455e4cd50b36b6cd8b91	arrl-cat-the-richard-w-bendicksen-n7zl-memorial-scholarship	constraints	2026-08-12
0be5bdac8c035eb553a62df2baa03a45d65803f8477acafe7e29ee75cb01b8d5	arrl-cat-the-richard-w-bendicksen-n7zl-memorial-scholarship	deadline.note	2026-08-04
4f53cda18c2baa0c0354bb5f9a3ecbe5ed12ab4d8e11ba873c2f11161202b945	arrl-cat-the-richard-w-bendicksen-n7zl-memorial-scholarship	fundingRestrictions	2026-08-04
3f0a08e8758156fb3ebfdec9ef1329b39d656e3bfe0bd7fee0fecfc217608624	arrl-cat-the-richard-w-bendicksen-n7zl-memorial-scholarship	rawOtherText	2026-08-04
150e7695de81114558595076f983862c0fec040b1f85aa5c8d3338b6a7f4f9d9	arrl-cat-the-richard-w-bendicksen-n7zl-memorial-scholarship	summary	2026-08-04
15aebe143a3514d046ba2ba2236f53f3c0599dcc3a9a77ca2d312cad6e661831	arrl-cat-the-richard-warren-k6obs-memorial-scholarship	amount.amountRaw	2026-08-04
2872705f1ed8dcbb15a5eabc92af579995868ed3ba23689f8fe190fa6838262c	arrl-cat-the-richard-warren-k6obs-memorial-scholarship	amount.awardCountRaw	2026-08-04
168d549b6388f2f35891186984233bd90b759969b117d2fe74162f27831f2496	arrl-cat-the-richard-warren-k6obs-memorial-scholarship	constraints	2026-08-04
0489f802fdbf37a35d5507d1bbe42d9e1f5e02ec83f52fa4d8cc72da8401e2dd	arrl-cat-the-richard-warren-k6obs-memorial-scholarship	constraints	2026-08-12
6f2af3c77b828a5ec7d33506dbf75f3ea10466e174a52ecc2562648bd1d8f30e	arrl-cat-the-richard-warren-k6obs-memorial-scholarship	constraints	2026-08-12
0be5bdac8c035eb553a62df2baa03a45d65803f8477acafe7e29ee75cb01b8d5	arrl-cat-the-richard-warren-k6obs-memorial-scholarship	deadline.note	2026-08-04
4f53cda18c2baa0c0354bb5f9a3ecbe5ed12ab4d8e11ba873c2f11161202b945	arrl-cat-the-richard-warren-k6obs-memorial-scholarship	fundingRestrictions	2026-08-04
510725729a401ebdeea39ccd4741e2cc743c2bb8769a54ff5d98803574ba8699	arrl-cat-the-richard-warren-k6obs-memorial-scholarship	rawOtherText	2026-08-04
50e067a6a9aab3d0948c90745768a7620c37d88420f94fc0e29bc94ba87d7102	arrl-cat-the-richard-warren-k6obs-memorial-scholarship	summary	2026-08-04
9268d0f3ef03795caf9a49883e4557382c23b99292886f428e0c8742eaa2929c	arrl-cat-the-rick-hughes-k4byt-memorial-scholarship	amount.amountRaw	2026-08-04
2872705f1ed8dcbb15a5eabc92af579995868ed3ba23689f8fe190fa6838262c	arrl-cat-the-rick-hughes-k4byt-memorial-scholarship	amount.awardCountRaw	2026-08-04
4d0a362414e8a9123b976b8c901040ae6055fe39b0e1cce652312534e8345aa4	arrl-cat-the-rick-hughes-k4byt-memorial-scholarship	constraints	2026-08-04
0be5bdac8c035eb553a62df2baa03a45d65803f8477acafe7e29ee75cb01b8d5	arrl-cat-the-rick-hughes-k4byt-memorial-scholarship	deadline.note	2026-08-04
4f53cda18c2baa0c0354bb5f9a3ecbe5ed12ab4d8e11ba873c2f11161202b945	arrl-cat-the-rick-hughes-k4byt-memorial-scholarship	fundingRestrictions	2026-08-04
5cd17bac7235793fa406d5c870f777a966aeb720270f4b2e6f9f73340e925e70	arrl-cat-the-rick-hughes-k4byt-memorial-scholarship	rawOtherText	2026-08-04
775998dd8912158ec03c6c081ed9cac8f1ab23bf40bf477871d774836ad9babc	arrl-cat-the-rick-hughes-k4byt-memorial-scholarship	summary	2026-08-04
5101c9638b2d2781151db487a22ab4407af938151d891f67c126136f30a0aae9	arrl-cat-the-robert-a-rodriguez-k5auw-scholarship	amount.amountRaw	2026-08-04
6dd70138c547658b718cd6d66344f1937a6896fb8a8fa93905e779aec92f952a	arrl-cat-the-robert-a-rodriguez-k5auw-scholarship	amount.awardCountRaw	2026-08-04
27ce9755b7ba2c18a243aa9e2ceeb93c18f030c0e4121a439887702f54a7570b	arrl-cat-the-robert-a-rodriguez-k5auw-scholarship	constraints	2026-08-04
5d848ac91afadec54233e478878edfe12c068374fee92ce5164a67f7271a62ca	arrl-cat-the-robert-a-rodriguez-k5auw-scholarship	constraints	2026-08-12
909877adf84c6ac6ef14ada5933d48b2dd0164df0cf38a4979b1558b985c986d	arrl-cat-the-robert-a-rodriguez-k5auw-scholarship	constraints	2026-08-12
0be5bdac8c035eb553a62df2baa03a45d65803f8477acafe7e29ee75cb01b8d5	arrl-cat-the-robert-a-rodriguez-k5auw-scholarship	deadline.note	2026-08-04
4f53cda18c2baa0c0354bb5f9a3ecbe5ed12ab4d8e11ba873c2f11161202b945	arrl-cat-the-robert-a-rodriguez-k5auw-scholarship	fundingRestrictions	2026-08-04
12f9b3294cabacc3f5b918a05ca1ca64b139ce55acf473291499a0c6a16d5ed8	arrl-cat-the-robert-a-rodriguez-k5auw-scholarship	rawOtherText	2026-08-04
d8a2c56b6eb9c7550b29c0e9e030c664f285df1da519d7f573109e519a8077f3	arrl-cat-the-robert-a-rodriguez-k5auw-scholarship	summary	2026-08-04
5101c9638b2d2781151db487a22ab4407af938151d891f67c126136f30a0aae9	arrl-cat-the-robert-d-w8st-and-donna-j-w9djs-streeter-scholarship	amount.amountRaw	2026-08-04
2872705f1ed8dcbb15a5eabc92af579995868ed3ba23689f8fe190fa6838262c	arrl-cat-the-robert-d-w8st-and-donna-j-w9djs-streeter-scholarship	amount.awardCountRaw	2026-08-04
3d44bbfab78180c286d2a1bbc054a1b74c168403f7c6a98651bf7f628d83aee4	arrl-cat-the-robert-d-w8st-and-donna-j-w9djs-streeter-scholarship	constraints	2026-08-04
0be5bdac8c035eb553a62df2baa03a45d65803f8477acafe7e29ee75cb01b8d5	arrl-cat-the-robert-d-w8st-and-donna-j-w9djs-streeter-scholarship	deadline.note	2026-08-04
4f53cda18c2baa0c0354bb5f9a3ecbe5ed12ab4d8e11ba873c2f11161202b945	arrl-cat-the-robert-d-w8st-and-donna-j-w9djs-streeter-scholarship	fundingRestrictions	2026-08-04
0c167ed5eadac1f882ea522cd89bed2799ba68095aee33597e0e572acb89c5da	arrl-cat-the-robert-d-w8st-and-donna-j-w9djs-streeter-scholarship	rawOtherText	2026-08-04
8310066d31e854b3c684fdb0c0f0cbed23a11029432b522d9444087018b2aee7	arrl-cat-the-robert-d-w8st-and-donna-j-w9djs-streeter-scholarship	summary	2026-08-04
d7c2f19257f0c5f31dfe20885459483e1781e72e9d6103607b47d30bcf88314a	arrl-cat-the-ronald-hesselbrock-wa8low-memorial-scholarship	amount.amountRaw	2026-08-04
2872705f1ed8dcbb15a5eabc92af579995868ed3ba23689f8fe190fa6838262c	arrl-cat-the-ronald-hesselbrock-wa8low-memorial-scholarship	amount.awardCountRaw	2026-08-04
7a36b1db1c598a1330f9771e7db68ffce53c616986bbd892d8674b0ec8f068fa	arrl-cat-the-ronald-hesselbrock-wa8low-memorial-scholarship	constraints	2026-08-04
137393cde342d514394d938a303b5f3212ffb0cc51c71f70c7783b7a527bc016	arrl-cat-the-ronald-hesselbrock-wa8low-memorial-scholarship	constraints	2026-08-12
0be5bdac8c035eb553a62df2baa03a45d65803f8477acafe7e29ee75cb01b8d5	arrl-cat-the-ronald-hesselbrock-wa8low-memorial-scholarship	deadline.note	2026-08-04
4f53cda18c2baa0c0354bb5f9a3ecbe5ed12ab4d8e11ba873c2f11161202b945	arrl-cat-the-ronald-hesselbrock-wa8low-memorial-scholarship	fundingRestrictions	2026-08-04
c61906e392d9c397d6f070c77e46b9a347e6e21a9173ab5b26c80691b2236a8e	arrl-cat-the-ronald-hesselbrock-wa8low-memorial-scholarship	rawOtherText	2026-08-04
e3b3ab793c1e949ae7e8e5b6445fe55c9b4542b4ff185487eb96a2f9c95ad5ce	arrl-cat-the-ronald-hesselbrock-wa8low-memorial-scholarship	summary	2026-08-04
5101c9638b2d2781151db487a22ab4407af938151d891f67c126136f30a0aae9	arrl-cat-the-scholarship-of-the-morris-radio-club-of-new-jersey	amount.amountRaw	2026-08-04
2872705f1ed8dcbb15a5eabc92af579995868ed3ba23689f8fe190fa6838262c	arrl-cat-the-scholarship-of-the-morris-radio-club-of-new-jersey	amount.awardCountRaw	2026-08-04
b7cce20838cb96ffceb92fcaecb1bf76afb1c894662fce316e81e0d011d91198	arrl-cat-the-scholarship-of-the-morris-radio-club-of-new-jersey	constraints	2026-08-04
6a22187b393ac4c589079b1047c914d913fdb184424f0473b6925be35e9d0b8a	arrl-cat-the-scholarship-of-the-morris-radio-club-of-new-jersey	constraints	2026-08-12
852f698136cd9bd00b773802c6e5db77056b5da18dab2c0baebb418ace213729	arrl-cat-the-scholarship-of-the-morris-radio-club-of-new-jersey	constraints	2026-08-12
0be5bdac8c035eb553a62df2baa03a45d65803f8477acafe7e29ee75cb01b8d5	arrl-cat-the-scholarship-of-the-morris-radio-club-of-new-jersey	deadline.note	2026-08-04
4f53cda18c2baa0c0354bb5f9a3ecbe5ed12ab4d8e11ba873c2f11161202b945	arrl-cat-the-scholarship-of-the-morris-radio-club-of-new-jersey	fundingRestrictions	2026-08-04
afe8c42b8092c23c4733c72b4a55e4673ac2c623dbc1e102233fe917f96f5b74	arrl-cat-the-scholarship-of-the-morris-radio-club-of-new-jersey	rawOtherText	2026-08-04
fcfba3b0176f29986b8e06fa5ec3876cf5fc061c2a74d96e20ea48794ad1a392	arrl-cat-the-scholarship-of-the-morris-radio-club-of-new-jersey	summary	2026-08-04
5101c9638b2d2781151db487a22ab4407af938151d891f67c126136f30a0aae9	arrl-cat-the-shenandoah-valley-amateur-radio-club-scholarship	amount.amountRaw	2026-08-04
2872705f1ed8dcbb15a5eabc92af579995868ed3ba23689f8fe190fa6838262c	arrl-cat-the-shenandoah-valley-amateur-radio-club-scholarship	amount.awardCountRaw	2026-08-04
6e66fecd96e18326e2072763cdb70c7c235f96201ec9f12e114abda8bae5059b	arrl-cat-the-shenandoah-valley-amateur-radio-club-scholarship	constraints	2026-08-04
1108b1396e71299c30269f19bbbd0bacff463c7b9024a9242dde4eddbc94d32a	arrl-cat-the-shenandoah-valley-amateur-radio-club-scholarship	constraints	2026-08-12
e6c40e3a0dcfc83e758ee3cdb8b99d2812f96c00757ffad1df72ee1eb43b7724	arrl-cat-the-shenandoah-valley-amateur-radio-club-scholarship	constraints	2026-08-12
0be5bdac8c035eb553a62df2baa03a45d65803f8477acafe7e29ee75cb01b8d5	arrl-cat-the-shenandoah-valley-amateur-radio-club-scholarship	deadline.note	2026-08-04
4f53cda18c2baa0c0354bb5f9a3ecbe5ed12ab4d8e11ba873c2f11161202b945	arrl-cat-the-shenandoah-valley-amateur-radio-club-scholarship	fundingRestrictions	2026-08-04
8f3f981d424cebacf65223e32bccad594df01f7e924e6f96d68655ec04a272e3	arrl-cat-the-shenandoah-valley-amateur-radio-club-scholarship	rawOtherText	2026-08-04
2714d2f4664a42f052d045a990ec861cc511726c2d1a32a8f7fac4b0ba7e953b	arrl-cat-the-shenandoah-valley-amateur-radio-club-scholarship	summary	2026-08-04
15aebe143a3514d046ba2ba2236f53f3c0599dcc3a9a77ca2d312cad6e661831	arrl-cat-the-six-meter-club-of-chicago-scholarship	amount.amountRaw	2026-08-04
2872705f1ed8dcbb15a5eabc92af579995868ed3ba23689f8fe190fa6838262c	arrl-cat-the-six-meter-club-of-chicago-scholarship	amount.awardCountRaw	2026-08-04
dee5ee5e9b67105444520bcd44bb744f4aab9d8deabe329c07891ecaea8a9f05	arrl-cat-the-six-meter-club-of-chicago-scholarship	constraints	2026-08-04
0be5bdac8c035eb553a62df2baa03a45d65803f8477acafe7e29ee75cb01b8d5	arrl-cat-the-six-meter-club-of-chicago-scholarship	deadline.note	2026-08-04
4f53cda18c2baa0c0354bb5f9a3ecbe5ed12ab4d8e11ba873c2f11161202b945	arrl-cat-the-six-meter-club-of-chicago-scholarship	fundingRestrictions	2026-08-04
355555d0cd01d61add417ec4b4d9510028525874dc80d29c5cbf3df27d8afb9a	arrl-cat-the-six-meter-club-of-chicago-scholarship	rawOtherText	2026-08-04
46b8c4138a0c0e2eb0dee0b946684366c1c5e7e85f0d371afbf5bc4abcf22147	arrl-cat-the-six-meter-club-of-chicago-scholarship	summary	2026-08-04
5101c9638b2d2781151db487a22ab4407af938151d891f67c126136f30a0aae9	arrl-cat-the-south-east-metro-amateur-radio-club-semarc-scholarship	amount.amountRaw	2026-08-04
2872705f1ed8dcbb15a5eabc92af579995868ed3ba23689f8fe190fa6838262c	arrl-cat-the-south-east-metro-amateur-radio-club-semarc-scholarship	amount.awardCountRaw	2026-08-04
10bc0df1ace63b4893c00ffc30aa3741c801b68a4d90f8c1d5fa2499e9f646ea	arrl-cat-the-south-east-metro-amateur-radio-club-semarc-scholarship	constraints	2026-08-04
f339040e86d978852f41cbefd3a46822c7ea0473549a48c307d69aa50db6d75f	arrl-cat-the-south-east-metro-amateur-radio-club-semarc-scholarship	constraints	2026-08-12
0be5bdac8c035eb553a62df2baa03a45d65803f8477acafe7e29ee75cb01b8d5	arrl-cat-the-south-east-metro-amateur-radio-club-semarc-scholarship	deadline.note	2026-08-04
4f53cda18c2baa0c0354bb5f9a3ecbe5ed12ab4d8e11ba873c2f11161202b945	arrl-cat-the-south-east-metro-amateur-radio-club-semarc-scholarship	fundingRestrictions	2026-08-04
c432356287c74a2eb97a4cf19f7755598be36d9dec119d7216a7eaab55beb207	arrl-cat-the-south-east-metro-amateur-radio-club-semarc-scholarship	rawOtherText	2026-08-04
6e431b7c99f2b70e6164b9abdc5954b71c3d6d2b405c11126465f005ba6bca0b	arrl-cat-the-south-east-metro-amateur-radio-club-semarc-scholarship	summary	2026-08-04
5101c9638b2d2781151db487a22ab4407af938151d891f67c126136f30a0aae9	arrl-cat-the-steel-city-arc-scholarship	amount.amountRaw	2026-08-04
2872705f1ed8dcbb15a5eabc92af579995868ed3ba23689f8fe190fa6838262c	arrl-cat-the-steel-city-arc-scholarship	amount.awardCountRaw	2026-08-04
b203d5f8656c16cba084aa687994a4ce403e07c4ea3821237e13e3eca76b5644	arrl-cat-the-steel-city-arc-scholarship	constraints	2026-08-04
052b06b07c19c85579cc4931b9daaf51f5bf1883a47bf455d7ffbef785957a34	arrl-cat-the-steel-city-arc-scholarship	constraints	2026-08-12
0be5bdac8c035eb553a62df2baa03a45d65803f8477acafe7e29ee75cb01b8d5	arrl-cat-the-steel-city-arc-scholarship	deadline.note	2026-08-04
4f53cda18c2baa0c0354bb5f9a3ecbe5ed12ab4d8e11ba873c2f11161202b945	arrl-cat-the-steel-city-arc-scholarship	fundingRestrictions	2026-08-04
6ea80ec2c6f2467efe1d1086f44b8371ed6c59e86e9ec50853c3d3510f8296d3	arrl-cat-the-steel-city-arc-scholarship	rawOtherText	2026-08-04
d5da21f3120ae325825ba26d04ad71cb2cbaec3f971b8a3361ff797a7d26b369	arrl-cat-the-steel-city-arc-scholarship	summary	2026-08-04
5101c9638b2d2781151db487a22ab4407af938151d891f67c126136f30a0aae9	arrl-cat-the-steve-marks-w5cia-legacy-scholarship-fund	amount.amountRaw	2026-08-04
2872705f1ed8dcbb15a5eabc92af579995868ed3ba23689f8fe190fa6838262c	arrl-cat-the-steve-marks-w5cia-legacy-scholarship-fund	amount.awardCountRaw	2026-08-04
848a5bdd9d128869ddd85fcae0885bbe1dcc1a175ce409441897755fc5bd8b70	arrl-cat-the-steve-marks-w5cia-legacy-scholarship-fund	constraints	2026-08-04
0be5bdac8c035eb553a62df2baa03a45d65803f8477acafe7e29ee75cb01b8d5	arrl-cat-the-steve-marks-w5cia-legacy-scholarship-fund	deadline.note	2026-08-04
4f53cda18c2baa0c0354bb5f9a3ecbe5ed12ab4d8e11ba873c2f11161202b945	arrl-cat-the-steve-marks-w5cia-legacy-scholarship-fund	fundingRestrictions	2026-08-04
38ba6ce13d3b60f8870a3ad4a3c0d1d80950f4bf0d6b13f61d3f2b8b032a4bad	arrl-cat-the-steve-marks-w5cia-legacy-scholarship-fund	rawOtherText	2026-08-04
b49a8e8013644ab70482564e7fd98c2cb00e5cc244c4710c8335bc7c9ea9edb4	arrl-cat-the-steve-marks-w5cia-legacy-scholarship-fund	summary	2026-08-04
15aebe143a3514d046ba2ba2236f53f3c0599dcc3a9a77ca2d312cad6e661831	arrl-cat-the-ted-w4vhf-and-itice-k4lvv-goldthorpe-scholarship	amount.amountRaw	2026-08-04
2872705f1ed8dcbb15a5eabc92af579995868ed3ba23689f8fe190fa6838262c	arrl-cat-the-ted-w4vhf-and-itice-k4lvv-goldthorpe-scholarship	amount.awardCountRaw	2026-08-04
f722ea4b9ba48d603fa53149f0734eacb0842ccb930a13049971e3958188c570	arrl-cat-the-ted-w4vhf-and-itice-k4lvv-goldthorpe-scholarship	constraints	2026-08-04
218c80883fb4b5dc09ba6d736f26bb8bb37cb8aabf4145703869847d183c613a	arrl-cat-the-ted-w4vhf-and-itice-k4lvv-goldthorpe-scholarship	constraints	2026-08-12
e5afe2237a46fbe6d6096ee9be368ed34be382ab06ab0a28e4ac8468d4bf118f	arrl-cat-the-ted-w4vhf-and-itice-k4lvv-goldthorpe-scholarship	constraints	2026-08-12
0be5bdac8c035eb553a62df2baa03a45d65803f8477acafe7e29ee75cb01b8d5	arrl-cat-the-ted-w4vhf-and-itice-k4lvv-goldthorpe-scholarship	deadline.note	2026-08-04
4f53cda18c2baa0c0354bb5f9a3ecbe5ed12ab4d8e11ba873c2f11161202b945	arrl-cat-the-ted-w4vhf-and-itice-k4lvv-goldthorpe-scholarship	fundingRestrictions	2026-08-04
f4c1eaf2d5d07eb0998f7c6ef8b4a38480c2fa43aa2d08dd065846442993c3a1	arrl-cat-the-ted-w4vhf-and-itice-k4lvv-goldthorpe-scholarship	rawOtherText	2026-08-04
5e3af589cbcb5a7e34710605d21ec809c3ae05242a2941393be3ddb9d66527d8	arrl-cat-the-ted-w4vhf-and-itice-k4lvv-goldthorpe-scholarship	summary	2026-08-04
4ccb899062c0080a49b32fba5350bd1bf6529bff1c9cb228b2c2bfbe50dc5cfc	arrl-cat-the-tom-and-judith-comstock-scholarship	amount.amountRaw	2026-08-04
2872705f1ed8dcbb15a5eabc92af579995868ed3ba23689f8fe190fa6838262c	arrl-cat-the-tom-and-judith-comstock-scholarship	amount.awardCountRaw	2026-08-04
721a3eeaa5ddc2bbe127df48c62b1d43344f93a6b81eef98fef3641b167bda21	arrl-cat-the-tom-and-judith-comstock-scholarship	constraints	2026-08-04
0be5bdac8c035eb553a62df2baa03a45d65803f8477acafe7e29ee75cb01b8d5	arrl-cat-the-tom-and-judith-comstock-scholarship	deadline.note	2026-08-04
4f53cda18c2baa0c0354bb5f9a3ecbe5ed12ab4d8e11ba873c2f11161202b945	arrl-cat-the-tom-and-judith-comstock-scholarship	fundingRestrictions	2026-08-04
aee48c957843a8777f2d16b7e6e8b9fdc0a3aa0c9d8f34a918b3a7b71d622823	arrl-cat-the-tom-and-judith-comstock-scholarship	rawOtherText	2026-08-04
096b3a587b070fe91ac3054415a9d4ce432a1d2348813f236a528aa86100ad6a	arrl-cat-the-tom-and-judith-comstock-scholarship	summary	2026-08-04
4ccb899062c0080a49b32fba5350bd1bf6529bff1c9cb228b2c2bfbe50dc5cfc	arrl-cat-the-vernon-bill-lippert-ac-w-and-cindy-lippert-endowed-schol	amount.amountRaw	2026-08-04
2872705f1ed8dcbb15a5eabc92af579995868ed3ba23689f8fe190fa6838262c	arrl-cat-the-vernon-bill-lippert-ac-w-and-cindy-lippert-endowed-schol	amount.awardCountRaw	2026-08-04
0bd18d390b02ef1b0f0fd6511e91c7d685eab54cf3b4090fd24037676cef80b4	arrl-cat-the-vernon-bill-lippert-ac-w-and-cindy-lippert-endowed-schol	constraints	2026-08-04
e2c879e150cdde79fc6c0ea15676f9a0dc2252724b7a8ec13918ff933b9ea98f	arrl-cat-the-vernon-bill-lippert-ac-w-and-cindy-lippert-endowed-schol	constraints	2026-08-12
0be5bdac8c035eb553a62df2baa03a45d65803f8477acafe7e29ee75cb01b8d5	arrl-cat-the-vernon-bill-lippert-ac-w-and-cindy-lippert-endowed-schol	deadline.note	2026-08-04
4f53cda18c2baa0c0354bb5f9a3ecbe5ed12ab4d8e11ba873c2f11161202b945	arrl-cat-the-vernon-bill-lippert-ac-w-and-cindy-lippert-endowed-schol	fundingRestrictions	2026-08-04
c12fc56f28bb1ceedd00105cffe1a6aa863fa0cf2915764745d211cbcacbeb2f	arrl-cat-the-vernon-bill-lippert-ac-w-and-cindy-lippert-endowed-schol	rawOtherText	2026-08-04
65ddbdd3b7cac187dda08718184514d2969437fcfe9d7697026a1cfb5461a96d	arrl-cat-the-vernon-bill-lippert-ac-w-and-cindy-lippert-endowed-schol	summary	2026-08-04
5101c9638b2d2781151db487a22ab4407af938151d891f67c126136f30a0aae9	arrl-cat-the-vienna-wireless-society-scholarship	amount.amountRaw	2026-08-04
2872705f1ed8dcbb15a5eabc92af579995868ed3ba23689f8fe190fa6838262c	arrl-cat-the-vienna-wireless-society-scholarship	amount.awardCountRaw	2026-08-04
f40fb4d294f8233f7dea1398f16c334e3d4cb0ef5a0bfba07aba556e69fa15ec	arrl-cat-the-vienna-wireless-society-scholarship	constraints	2026-08-04
bd89696c579cf90c6e16958ebd8797c8848e4f421492e8b52ad9e26d9c745c43	arrl-cat-the-vienna-wireless-society-scholarship	constraints	2026-08-12
0be5bdac8c035eb553a62df2baa03a45d65803f8477acafe7e29ee75cb01b8d5	arrl-cat-the-vienna-wireless-society-scholarship	deadline.note	2026-08-04
4f53cda18c2baa0c0354bb5f9a3ecbe5ed12ab4d8e11ba873c2f11161202b945	arrl-cat-the-vienna-wireless-society-scholarship	fundingRestrictions	2026-08-04
270737f56a25332e5e81dad749f315821d59ada335e8eac89e14f0b56d6f3fc5	arrl-cat-the-vienna-wireless-society-scholarship	rawOtherText	2026-08-04
cc6db2d7b2db6731e8b03332d1cce52f7c9471357f159f893dac1eda146bcda6	arrl-cat-the-vienna-wireless-society-scholarship	summary	2026-08-04
5101c9638b2d2781151db487a22ab4407af938151d891f67c126136f30a0aae9	arrl-cat-the-walter-gallinghouse-k5dsl-scholarship	amount.amountRaw	2026-08-04
2872705f1ed8dcbb15a5eabc92af579995868ed3ba23689f8fe190fa6838262c	arrl-cat-the-walter-gallinghouse-k5dsl-scholarship	amount.awardCountRaw	2026-08-04
69927146dbadb2794eb1ea53dd5c6d986861c7fd092bdb4f6905911227cd9514	arrl-cat-the-walter-gallinghouse-k5dsl-scholarship	constraints	2026-08-04
ba1a9e234c60ce6bb8abe715a10698fcd19473b19eeeeeb2b91018d927b4d308	arrl-cat-the-walter-gallinghouse-k5dsl-scholarship	constraints	2026-08-12
d003cfbc853f22f8953bfc9ad657ee835b978008ad02fc6ba86891c77a085cb6	arrl-cat-the-walter-gallinghouse-k5dsl-scholarship	constraints	2026-08-12
0be5bdac8c035eb553a62df2baa03a45d65803f8477acafe7e29ee75cb01b8d5	arrl-cat-the-walter-gallinghouse-k5dsl-scholarship	deadline.note	2026-08-04
4f53cda18c2baa0c0354bb5f9a3ecbe5ed12ab4d8e11ba873c2f11161202b945	arrl-cat-the-walter-gallinghouse-k5dsl-scholarship	fundingRestrictions	2026-08-04
8f3f981d424cebacf65223e32bccad594df01f7e924e6f96d68655ec04a272e3	arrl-cat-the-walter-gallinghouse-k5dsl-scholarship	rawOtherText	2026-08-04
109786195ccca7a83984916520c43ab4dc49ba1ab7ae4f52b4d3ecfba4d8a65f	arrl-cat-the-walter-gallinghouse-k5dsl-scholarship	summary	2026-08-04
5101c9638b2d2781151db487a22ab4407af938151d891f67c126136f30a0aae9	arrl-cat-the-wayne-nelson-kb4ut-memorial-scholarship	amount.amountRaw	2026-08-04
2872705f1ed8dcbb15a5eabc92af579995868ed3ba23689f8fe190fa6838262c	arrl-cat-the-wayne-nelson-kb4ut-memorial-scholarship	amount.awardCountRaw	2026-08-04
cea89eda5866f1bf1287d008b3846123ad15c3915e704d98c08bf373c7182a58	arrl-cat-the-wayne-nelson-kb4ut-memorial-scholarship	constraints	2026-08-04
8c60f726b3ebfa7ed2394e0f7b29a5a71cf942c359d892956fd932ff5f8628f8	arrl-cat-the-wayne-nelson-kb4ut-memorial-scholarship	constraints	2026-08-12
994d79e36cc5eb98af6d58946a6f0a7f4918b903176aab74991bf4f5b1bcc39c	arrl-cat-the-wayne-nelson-kb4ut-memorial-scholarship	constraints	2026-08-12
b36105a6d8943959930a815e4638b1f7f14f4daf49b34eaa08e75a2091a89347	arrl-cat-the-wayne-nelson-kb4ut-memorial-scholarship	constraints	2026-08-12
bf76f8159d4f5b33697f223853b6d5121a5390553a302fee0df8dc4538d6c822	arrl-cat-the-wayne-nelson-kb4ut-memorial-scholarship	constraints	2026-08-12
0be5bdac8c035eb553a62df2baa03a45d65803f8477acafe7e29ee75cb01b8d5	arrl-cat-the-wayne-nelson-kb4ut-memorial-scholarship	deadline.note	2026-08-04
4f53cda18c2baa0c0354bb5f9a3ecbe5ed12ab4d8e11ba873c2f11161202b945	arrl-cat-the-wayne-nelson-kb4ut-memorial-scholarship	fundingRestrictions	2026-08-04
0dfb35742decc2fbb35f7e6d790f5591149dbef36b62063c700a5c1190772b36	arrl-cat-the-wayne-nelson-kb4ut-memorial-scholarship	rawOtherText	2026-08-04
91e0721170db03c3f9169417c634fa39d86032079b16a6799e4b5effef15738f	arrl-cat-the-wayne-nelson-kb4ut-memorial-scholarship	summary	2026-08-04
15aebe143a3514d046ba2ba2236f53f3c0599dcc3a9a77ca2d312cad6e661831	arrl-cat-the-william-bennett-w7pho-memorial-scholarship	amount.amountRaw	2026-08-04
2872705f1ed8dcbb15a5eabc92af579995868ed3ba23689f8fe190fa6838262c	arrl-cat-the-william-bennett-w7pho-memorial-scholarship	amount.awardCountRaw	2026-08-04
7142e9f70a10e1c52385a881d1396697687455dc7b24986755d6f36c520654b4	arrl-cat-the-william-bennett-w7pho-memorial-scholarship	constraints	2026-08-04
35f6cda5f45a2e16c9d09fc0bde3469b4a4bdd8248c6290ccc8c5c7b6e71d680	arrl-cat-the-william-bennett-w7pho-memorial-scholarship	constraints	2026-08-12
4eb0f211526257e90e60703bd47c344986c5b442e2d78ea9e35f81bd3ae3bf55	arrl-cat-the-william-bennett-w7pho-memorial-scholarship	constraints	2026-08-12
0be5bdac8c035eb553a62df2baa03a45d65803f8477acafe7e29ee75cb01b8d5	arrl-cat-the-william-bennett-w7pho-memorial-scholarship	deadline.note	2026-08-04
4f53cda18c2baa0c0354bb5f9a3ecbe5ed12ab4d8e11ba873c2f11161202b945	arrl-cat-the-william-bennett-w7pho-memorial-scholarship	fundingRestrictions	2026-08-04
c495d9ae4a89fd7d1b45385a85693bee213d958f8f889d461763164fbc4253aa	arrl-cat-the-william-bennett-w7pho-memorial-scholarship	rawOtherText	2026-08-04
26ec553bfebd6d988ffbfd5f92b15d4dc207d1504fbc9937f0eeb161e97e511b	arrl-cat-the-william-bennett-w7pho-memorial-scholarship	summary	2026-08-04
2d2f1fda764e775a913c7535d00376a90869b01f160345e6740ad13624765309	arrl-cat-the-william-c-winscott-n6cha-memorial-scholarship	amount.amountRaw	2026-08-04
2872705f1ed8dcbb15a5eabc92af579995868ed3ba23689f8fe190fa6838262c	arrl-cat-the-william-c-winscott-n6cha-memorial-scholarship	amount.awardCountRaw	2026-08-04
a07d5be21fa6eb81cd0d099ff2f02fd0c56cf77d49feba07b40f59dac464bf66	arrl-cat-the-william-c-winscott-n6cha-memorial-scholarship	constraints	2026-08-04
2f0fe116b7d4e9f5b141d940149b87ada3f2fd3c07abff48907ae1b8a90bea53	arrl-cat-the-william-c-winscott-n6cha-memorial-scholarship	constraints	2026-08-12
85c2c0c57ec246a94d4927e35bd35a4c8c227f3ec2aab7fbac0ba8c1d2e67e5b	arrl-cat-the-william-c-winscott-n6cha-memorial-scholarship	constraints	2026-08-12
0be5bdac8c035eb553a62df2baa03a45d65803f8477acafe7e29ee75cb01b8d5	arrl-cat-the-william-c-winscott-n6cha-memorial-scholarship	deadline.note	2026-08-04
4f53cda18c2baa0c0354bb5f9a3ecbe5ed12ab4d8e11ba873c2f11161202b945	arrl-cat-the-william-c-winscott-n6cha-memorial-scholarship	fundingRestrictions	2026-08-04
d18f6f6fdb0f09577118b56f3b67502c18561b4da98138ef6f4b8b6b8e7980b2	arrl-cat-the-william-c-winscott-n6cha-memorial-scholarship	rawOtherText	2026-08-04
9d840a78fd84bcf705185066ffb9633e6c667ea97cb1056c92f93fe03743a7e9	arrl-cat-the-william-c-winscott-n6cha-memorial-scholarship	summary	2026-08-04
4ccb899062c0080a49b32fba5350bd1bf6529bff1c9cb228b2c2bfbe50dc5cfc	arrl-cat-the-william-gordon-buckner-w-vzk-memorial-scholarship	amount.amountRaw	2026-08-04
2872705f1ed8dcbb15a5eabc92af579995868ed3ba23689f8fe190fa6838262c	arrl-cat-the-william-gordon-buckner-w-vzk-memorial-scholarship	amount.awardCountRaw	2026-08-04
ec6722621c19fa501604ca4071726fe32224626716719d607cf9ef94d3ed9632	arrl-cat-the-william-gordon-buckner-w-vzk-memorial-scholarship	constraints	2026-08-04
2bbfd4212b33bfea881883d8df56e805ee1af78aad8c87f91960434cbc4190de	arrl-cat-the-william-gordon-buckner-w-vzk-memorial-scholarship	constraints	2026-08-12
0be5bdac8c035eb553a62df2baa03a45d65803f8477acafe7e29ee75cb01b8d5	arrl-cat-the-william-gordon-buckner-w-vzk-memorial-scholarship	deadline.note	2026-08-04
4f53cda18c2baa0c0354bb5f9a3ecbe5ed12ab4d8e11ba873c2f11161202b945	arrl-cat-the-william-gordon-buckner-w-vzk-memorial-scholarship	fundingRestrictions	2026-08-04
c6eeb85c4d134c478e9916d4a466c91d005753515b79018129724987b269a412	arrl-cat-the-william-gordon-buckner-w-vzk-memorial-scholarship	rawOtherText	2026-08-04
1fdf733c572aae98f551992a176e10776ee744a32fba5e857e206db1f74f74c1	arrl-cat-the-william-gordon-buckner-w-vzk-memorial-scholarship	summary	2026-08-04
4ccb899062c0080a49b32fba5350bd1bf6529bff1c9cb228b2c2bfbe50dc5cfc	arrl-cat-the-wilse-morgan-wx7p-memorial-arrl-northwestern-division-sc	amount.amountRaw	2026-08-04
2872705f1ed8dcbb15a5eabc92af579995868ed3ba23689f8fe190fa6838262c	arrl-cat-the-wilse-morgan-wx7p-memorial-arrl-northwestern-division-sc	amount.awardCountRaw	2026-08-04
d9016fd82f0e46dce29c986fd5c2740b90b18c7ee6df0dc4e1d47874d8b3f40f	arrl-cat-the-wilse-morgan-wx7p-memorial-arrl-northwestern-division-sc	constraints	2026-08-04
a350ab355cd39f24e100b58052b43330d235f298dd53ee2be5c82ba9f88267d3	arrl-cat-the-wilse-morgan-wx7p-memorial-arrl-northwestern-division-sc	constraints	2026-08-12
0be5bdac8c035eb553a62df2baa03a45d65803f8477acafe7e29ee75cb01b8d5	arrl-cat-the-wilse-morgan-wx7p-memorial-arrl-northwestern-division-sc	deadline.note	2026-08-04
4f53cda18c2baa0c0354bb5f9a3ecbe5ed12ab4d8e11ba873c2f11161202b945	arrl-cat-the-wilse-morgan-wx7p-memorial-arrl-northwestern-division-sc	fundingRestrictions	2026-08-04
822865e909bf457b005c477d72d2301e90514fe2780b33888a60edf6d96515a7	arrl-cat-the-wilse-morgan-wx7p-memorial-arrl-northwestern-division-sc	rawOtherText	2026-08-04
840b600a719316c8528cc071d0d80bcd86d3f5958832a9f17877cae7e6b9efa1	arrl-cat-the-wilse-morgan-wx7p-memorial-arrl-northwestern-division-sc	summary	2026-08-04
25f06ad97258b82c4b16822db5c0a26b32f1f0180e3c7c8c2131e24bc082d18f	arrl-cat-the-yankee-clipper-contest-club-youth-scholarship	amount.amountRaw	2026-08-04
2872705f1ed8dcbb15a5eabc92af579995868ed3ba23689f8fe190fa6838262c	arrl-cat-the-yankee-clipper-contest-club-youth-scholarship	amount.awardCountRaw	2026-08-04
75b59c8978d4256994b7015495e838d7d20cd7a63df8d21f85418f9a5e8fb0bc	arrl-cat-the-yankee-clipper-contest-club-youth-scholarship	constraints	2026-08-04
14390a902d75b0474c90f312aa6bf4ea7f3ed72b8d29f0b895425a92dfde97a0	arrl-cat-the-yankee-clipper-contest-club-youth-scholarship	constraints	2026-08-12
0be5bdac8c035eb553a62df2baa03a45d65803f8477acafe7e29ee75cb01b8d5	arrl-cat-the-yankee-clipper-contest-club-youth-scholarship	deadline.note	2026-08-04
4f53cda18c2baa0c0354bb5f9a3ecbe5ed12ab4d8e11ba873c2f11161202b945	arrl-cat-the-yankee-clipper-contest-club-youth-scholarship	fundingRestrictions	2026-08-04
52486a8fb11d74f4b5b85fc4662d67be7edc1063bf9fa1eecfdd39d30288d916	arrl-cat-the-yankee-clipper-contest-club-youth-scholarship	rawOtherText	2026-08-04
5939b0cc07a1a2865d4e8454929206f465030838031b7a49f2c6897d4265c9e3	arrl-cat-the-yankee-clipper-contest-club-youth-scholarship	summary	2026-08-04
9268d0f3ef03795caf9a49883e4557382c23b99292886f428e0c8742eaa2929c	arrl-cat-the-yasme-foundation-scholarship	amount.amountRaw	2026-08-04
e3b0c44298fc1c149afbf4c8996fb92427ae41e4649b934ca495991b7852b855	arrl-cat-the-yasme-foundation-scholarship	amount.awardCountRaw	2026-08-04
2760f6f83aa0ce9f2452fae136bd7526901082f7d6123564b52cfb42980fd2be	arrl-cat-the-yasme-foundation-scholarship	constraints	2026-08-04
3cbdb84b0ff634b19271270b4054881e3be32e974adad6fbb57f78b45e6b8e66	arrl-cat-the-yasme-foundation-scholarship	constraints	2026-08-12
50eef041c7e94805e26cdec9c5b320b91a388aa3700b56c1eb98207b27c1473c	arrl-cat-the-yasme-foundation-scholarship	constraints	2026-08-12
d0740d6f9d1af1cb699f58f7346e644ff05a998c9d9cd8424880b3cfa6337611	arrl-cat-the-yasme-foundation-scholarship	constraints	2026-08-12
0be5bdac8c035eb553a62df2baa03a45d65803f8477acafe7e29ee75cb01b8d5	arrl-cat-the-yasme-foundation-scholarship	deadline.note	2026-08-04
4f53cda18c2baa0c0354bb5f9a3ecbe5ed12ab4d8e11ba873c2f11161202b945	arrl-cat-the-yasme-foundation-scholarship	fundingRestrictions	2026-08-04
f0e8ee8512ec886942e2f3312a9d20f8dd075ad33122d366141b9330e8635727	arrl-cat-the-yasme-foundation-scholarship	rawOtherText	2026-08-04
9f456e3f44fc9061399a8b2a74aa0bf74672b5aae3fe5727fecfc8fe7c23386d	arrl-cat-the-yasme-foundation-scholarship	summary	2026-08-04
5101c9638b2d2781151db487a22ab4407af938151d891f67c126136f30a0aae9	arrl-cat-the-you-ve-got-a-friend-in-pennsylvania-scholarship	amount.amountRaw	2026-08-04
2872705f1ed8dcbb15a5eabc92af579995868ed3ba23689f8fe190fa6838262c	arrl-cat-the-you-ve-got-a-friend-in-pennsylvania-scholarship	amount.awardCountRaw	2026-08-04
f1fa3cdfa7c8eddc3ac31dc1a7ceade9a363a8392ef17eeea60f8e353f0a8d1a	arrl-cat-the-you-ve-got-a-friend-in-pennsylvania-scholarship	constraints	2026-08-04
3b7dda671df5ddc65ec06b9ba4290e0400c100b41091c6821e9fbc3708dbd488	arrl-cat-the-you-ve-got-a-friend-in-pennsylvania-scholarship	constraints	2026-08-12
0be5bdac8c035eb553a62df2baa03a45d65803f8477acafe7e29ee75cb01b8d5	arrl-cat-the-you-ve-got-a-friend-in-pennsylvania-scholarship	deadline.note	2026-08-04
4f53cda18c2baa0c0354bb5f9a3ecbe5ed12ab4d8e11ba873c2f11161202b945	arrl-cat-the-you-ve-got-a-friend-in-pennsylvania-scholarship	fundingRestrictions	2026-08-04
b5d4a0a980cbdc7718679edc6dea41207138e8ab38a22da4fcc6843f5bc6ecf1	arrl-cat-the-you-ve-got-a-friend-in-pennsylvania-scholarship	rawOtherText	2026-08-04
53b24d3188fb88c9ab1b35c183654a3597dc6f9646c39e7a95e2d218a490b619	arrl-cat-the-you-ve-got-a-friend-in-pennsylvania-scholarship	summary	2026-08-04
3d878763744ddc1f85025ac92640b9e1ea494e55d2a6cb13cbbf23324b3df0ab	arrl-club-grant	amount.amountRaw	2026-08-04
8b76afeb731cae828855d3ce31509e255757e9540a52ca9f37240057acd0d5a3	arrl-club-grant	amount.awardCountRaw	2026-08-04
17a3787657f43fffa104beefe769d9eb4b632603c3bebff8b33064cf19051fc5	arrl-club-grant	constraints	2026-08-04
4f53cda18c2baa0c0354bb5f9a3ecbe5ed12ab4d8e11ba873c2f11161202b945	arrl-club-grant	constraints	2026-08-13
5f27ec6123fa9b5327f952d71475ce214b64c3f2b09add3557ecd97989f70fe4	arrl-club-grant	deadline.note	2026-08-04
bed28c3bb64f2d369335ac23c8239c3429997d610154014e5243342e74d1cc32	arrl-club-grant	fundingRestrictions	2026-08-04
537d9a3929aab38d4c8a072edadd4e3c9313d551d961921b441d67c2d3fdc177	arrl-club-grant	rawOtherText	2026-08-04
642c0426cda6961f53062b541fec0e2ae14895d29c1a62b594c6242f3c76b47f	arrl-club-grant	rawOtherText	2026-08-13
ee48e02a86d03043218091c9b4a54d382e8e1e31ac3af87dedae1d116c748a96	arrl-club-grant	rawOtherText	2026-08-13
2433f47bfce7ec8af7ad9ead45ea7b54e0725974f53aa4fd8ffc9d2af5b1273d	arrl-club-grant	summary	2026-08-04
532256dd3ab1db015f5bdf82223fc048d3913046cb7ff4cce1a55514865560be	arrl-club-grant	summary	2026-08-13
961e0dc8ee9589239f0e15efea6535326eb253a9bc605337b76ae51c72e4cf05	arrl-etp-grants	amount.amountRaw	2026-08-04
e3b0c44298fc1c149afbf4c8996fb92427ae41e4649b934ca495991b7852b855	arrl-etp-grants	amount.amountRaw	2026-08-13
f94ab77ce62defdef70d9df5fb6ff03865417d5a42eaadd742b10f407d08a71f	arrl-etp-grants	amount.awardCountRaw	2026-08-04
e3b0c44298fc1c149afbf4c8996fb92427ae41e4649b934ca495991b7852b855	arrl-etp-grants	amount.awardCountRaw	2026-08-13
52f9bd33b0a7331fc42413fb3f667abf37f7bcb0db5b69056954220d9d11db13	arrl-etp-grants	constraints	2026-08-04
8e79f107505bbb4b001a74e8802a8fe172b974566fbd18599d2b6e1a76dbd297	arrl-etp-grants	constraints	2026-08-14
5ff9f99eb65254113950654e80b72ff4100b6f056f066e45054985d14c3842e5	arrl-etp-grants	deadline.note	2026-08-04
fa47f8cc5d3932f9dee76bce2e313fe0ec8e4365091a50750c62dd7551b1d70b	arrl-etp-grants	deadline.note	2026-08-13
4f53cda18c2baa0c0354bb5f9a3ecbe5ed12ab4d8e11ba873c2f11161202b945	arrl-etp-grants	fundingRestrictions	2026-08-04
215fb68742173f9f3ad572d8ed15b0c880d9bb2b0dd6902f664645d875ddff8a	arrl-etp-grants	rawOtherText	2026-08-04
b4c135f87dba601353db789362b323c65a8e235e4d9424a389a8113df50ed145	arrl-etp-grants	rawOtherText	2026-08-13
bb7c3f629d50acaf3adc4ee92fbb38d16a07175d000284c15d608095cd1bad94	arrl-etp-grants	rawOtherText	2026-08-13
b7c94bdd6e0fca71a59e0bfbc21b71b066ec18bb227a15e4d27daf0e6c8148e5	arrl-etp-grants	summary	2026-08-04
c1352d053fc1f26081d5cc19af5be28134d08cb763b93be6287606d57337e589	arrl-etp-grants	summary	2026-08-13
f1f53a91e93dff56a61ae00898b9781a4b5b5022b633aef6048f5ece6dfc325d	arrl-foundation-scholarships	amount.amountRaw	2026-08-04
8e30c85ab757358cba1176f2a1a26f41f1b286c0f57bf7b0ba8fa08225ace68b	arrl-foundation-scholarships	amount.amountRaw	2026-08-13
5349e324b2cc735a1653c42bff9fecac8692dc988ded034b5ebe36ca8c77f8ae	arrl-foundation-scholarships	amount.awardCountRaw	2026-08-04
9317a835415ce507ffd31b0fb53358bfb7aeb21e58a85d87b116cc638150f3d6	arrl-foundation-scholarships	amount.awardCountRaw	2026-08-13
88f142b3e98bf6b94ab1d12805a12dcd225c8c9bffc33d9daad6d64cb5cbca56	arrl-foundation-scholarships	constraints	2026-08-04
a9b04349a2ac9ad1a516b45c705f0cb2c13aa034f5326ed3fb40b3921f66c698	arrl-foundation-scholarships	constraints	2026-08-14
32fba7c62823a469598b556c1aec65cf1558d0f45dc811e71afd75a47717decb	arrl-foundation-scholarships	deadline.note	2026-08-04
16bbd13cc6a16e768771de27a660159009aceee68aa71cc47f251c0944da544a	arrl-foundation-scholarships	deadline.note	2026-08-13
4f53cda18c2baa0c0354bb5f9a3ecbe5ed12ab4d8e11ba873c2f11161202b945	arrl-foundation-scholarships	fundingRestrictions	2026-08-04
9f35f535d045a82f02eb9138d8bcfeff312c944f4a6ee438417bb659c4fd12e9	arrl-foundation-scholarships	rawOtherText	2026-08-04
0eb92312a9b9cb4c87a3918e68e3b72ec6c6a1365d9a97c33b6baae0b0144d6f	arrl-foundation-scholarships	rawOtherText	2026-08-13
e3b0c44298fc1c149afbf4c8996fb92427ae41e4649b934ca495991b7852b855	arrl-foundation-scholarships	rawOtherText	2026-08-13
b7df3416d80a303d95a5eb346ebae2c9148471e1c8247482643f2737a1b3d05e	arrl-foundation-scholarships	summary	2026-08-04
6bd3144c2191486d8aae0f76100ee67dfe0a0753e0c098afb8fd2ab5dd8da88a	arrl-foundation-scholarships	summary	2026-08-13
2384bba78b278757ed7842d605ca62cdefb3f4211a7fc1eb3c4d2bf48625b715	austin-arc-copeland	amount.amountRaw	2026-08-04
e3b0c44298fc1c149afbf4c8996fb92427ae41e4649b934ca495991b7852b855	austin-arc-copeland	amount.amountRaw	2026-08-13
f94ab77ce62defdef70d9df5fb6ff03865417d5a42eaadd742b10f407d08a71f	austin-arc-copeland	amount.awardCountRaw	2026-08-04
e3b0c44298fc1c149afbf4c8996fb92427ae41e4649b934ca495991b7852b855	austin-arc-copeland	amount.awardCountRaw	2026-08-13
be89d36274ad9a9dc3d8dd8c6dda4c00bd5844d881a4d9ce13ba525475b4f33c	austin-arc-copeland	constraints	2026-08-04
b07126c6f4892dcb771d41a4a1de3292fad30785157877508cae6aa68a49aec4	austin-arc-copeland	deadline.note	2026-08-04
9ab2ec9f842a80c15ae0dbe017b267c413bd4c1dd8dc0a0cc33698990fc656ad	austin-arc-copeland	deadline.note	2026-08-13
4f53cda18c2baa0c0354bb5f9a3ecbe5ed12ab4d8e11ba873c2f11161202b945	austin-arc-copeland	fundingRestrictions	2026-08-04
54f97be73da9958c83fece4db017ec1b6c56b7f76c4de7db57f23d7757c93094	austin-arc-copeland	rawOtherText	2026-08-04
15e0fd7131037d75e6cf298a3a543c7adb49d816c6e1e4616c684ebd99a4edcb	austin-arc-copeland	rawOtherText	2026-08-13
e3b0c44298fc1c149afbf4c8996fb92427ae41e4649b934ca495991b7852b855	austin-arc-copeland	rawOtherText	2026-08-13
c108e17315c97e27c691cf1d6322938fe600fca37858f1fed932342d8589a560	austin-arc-copeland	summary	2026-08-04
2384bba78b278757ed7842d605ca62cdefb3f4211a7fc1eb3c4d2bf48625b715	austin-arc-greenwood	amount.amountRaw	2026-08-04
e3b0c44298fc1c149afbf4c8996fb92427ae41e4649b934ca495991b7852b855	austin-arc-greenwood	amount.amountRaw	2026-08-13
f94ab77ce62defdef70d9df5fb6ff03865417d5a42eaadd742b10f407d08a71f	austin-arc-greenwood	amount.awardCountRaw	2026-08-04
e3b0c44298fc1c149afbf4c8996fb92427ae41e4649b934ca495991b7852b855	austin-arc-greenwood	amount.awardCountRaw	2026-08-13
e4e031d3342028ac5f1bc20bab696507ca337aa0b35f8b140edb407a40a3e34c	austin-arc-greenwood	constraints	2026-08-04
fb2bb9c5d45d812055de59a7391712e80cd6f0bdba360d8c112f0fe6acdc8357	austin-arc-greenwood	deadline.note	2026-08-04
fc25f3588124e4dfccc738c6e185f81cef69d10197b9436ff1517119c184125a	austin-arc-greenwood	deadline.note	2026-08-13
4f53cda18c2baa0c0354bb5f9a3ecbe5ed12ab4d8e11ba873c2f11161202b945	austin-arc-greenwood	fundingRestrictions	2026-08-04
da20742938ff5e0dc629c3707313b53b59c7ede8dd244ffaab02ee69c447ad88	austin-arc-greenwood	rawOtherText	2026-08-04
e3b0c44298fc1c149afbf4c8996fb92427ae41e4649b934ca495991b7852b855	austin-arc-greenwood	rawOtherText	2026-08-13
306d96e5ba0ead24213aa347efe5b56ebab4345be23282529a8cf97b92de2ca6	austin-arc-greenwood	summary	2026-08-04
fbd580966b19fadb4e5ba3c205ae32de6abd6e2432b361a3d22a256b76cda7ae	campus-sga-playbook	amount.amountRaw	2026-08-04
e3b0c44298fc1c149afbf4c8996fb92427ae41e4649b934ca495991b7852b855	campus-sga-playbook	amount.amountRaw	2026-08-13
f50f40fa402c5969d5cc8cb52083d40743dbf9490fa5a8f0718435f5152a6320	campus-sga-playbook	amount.awardCountRaw	2026-08-04
d210f60b1af0203c3eca81237a145bfe6b0cff128b4ea8fa784915a04e09a910	campus-sga-playbook	constraints	2026-08-04
4f53cda18c2baa0c0354bb5f9a3ecbe5ed12ab4d8e11ba873c2f11161202b945	campus-sga-playbook	constraints	2026-08-13
58ebaba97326af1e0fb6c4636ef653be122c82daf222f5eb1488ff4435c444ea	campus-sga-playbook	deadline.note	2026-08-04
8159e8cdd13805092ac1a0012011eeba93c7b3e4badc517f33468c86624b9a5e	campus-sga-playbook	fundingRestrictions	2026-08-04
f166b2a241114de28463f7e2b063ae833eeb83e27e783cb9aa10554eb53a7729	campus-sga-playbook	rawOtherText	2026-08-04
89d204e7734fc5d85543464375ba9e7f947af91dbe617c0c16324e03b0d42b79	campus-sga-playbook	rawOtherText	2026-08-13
e3b0c44298fc1c149afbf4c8996fb92427ae41e4649b934ca495991b7852b855	campus-sga-playbook	rawOtherText	2026-08-13
6b911c8d4784fab5f47f6dcd6961a80022cf12c80122489e63db1e9f10363044	campus-sga-playbook	summary	2026-08-04
2d7e3d52a571e12442393dfad4a92520b2def143cc39862fcbd91fdbd9cd9f69	campus-sga-playbook	summary	2026-08-13
19e895c0c4d942f3f49e795056ac66d98b1b2789f9670b0e59448321aebd5724	chicago-fm-club-scholarship-discontinued	amount.amountRaw	2026-08-04
e3b0c44298fc1c149afbf4c8996fb92427ae41e4649b934ca495991b7852b855	chicago-fm-club-scholarship-discontinued	amount.amountRaw	2026-08-13
903ea500e7ccf842c1312b6c2f964e3e98ff146456cecec717e9a0e122bf735f	chicago-fm-club-scholarship-discontinued	amount.awardCountRaw	2026-08-04
4f53cda18c2baa0c0354bb5f9a3ecbe5ed12ab4d8e11ba873c2f11161202b945	chicago-fm-club-scholarship-discontinued	constraints	2026-08-04
7fcf72922cbb4a93c1c0f6bb26dd389ae9e3ad8e66fce78c4033455619017efa	chicago-fm-club-scholarship-discontinued	deadline.note	2026-08-04
4f53cda18c2baa0c0354bb5f9a3ecbe5ed12ab4d8e11ba873c2f11161202b945	chicago-fm-club-scholarship-discontinued	fundingRestrictions	2026-08-04
de267768899647649d47b1220d36841867f97a0a6722f960b42372ad7b4e4e9d	chicago-fm-club-scholarship-discontinued	rawOtherText	2026-08-04
865381be1c36abd278db59446c75fc13abb00982a09f948eb734f236cf1d5a3a	chicago-fm-club-scholarship-discontinued	rawOtherText	2026-08-13
e3b0c44298fc1c149afbf4c8996fb92427ae41e4649b934ca495991b7852b855	chicago-fm-club-scholarship-discontinued	rawOtherText	2026-08-13
8042fde702e1222ead430f6f6c98d116139c9a4bb0ad3d0a23627ccadf8e40f8	chicago-fm-club-scholarship-discontinued	summary	2026-08-04
28a62c142114ca12b6e9c131f949f482820f63f8dd973db9463952a6e784814b	dara-grantmaker-only-via-arrl	amount.amountRaw	2026-08-04
aa03f6350c8402d2d364987fc319ee2465c10ba8b94da69e18bdc75a7e4caad2	dara-grantmaker-only-via-arrl	amount.awardCountRaw	2026-08-04
090cf8880287b1b534e4c355714a9f875e4ed1b0779a28fe18520abc2e395793	dara-grantmaker-only-via-arrl	constraints	2026-08-04
b0912eac872267f6d2c3f87cf46837a0999f76dab21b5f485f5057cc7f10ddfb	dara-grantmaker-only-via-arrl	deadline.note	2026-08-04
4f53cda18c2baa0c0354bb5f9a3ecbe5ed12ab4d8e11ba873c2f11161202b945	dara-grantmaker-only-via-arrl	fundingRestrictions	2026-08-04
8d0d44d3fc35d72df598c270bd4f4a1ee7173a1c13ec39dd82302b1e3931954f	dara-grantmaker-only-via-arrl	rawOtherText	2026-08-04
e3b0c44298fc1c149afbf4c8996fb92427ae41e4649b934ca495991b7852b855	dara-grantmaker-only-via-arrl	rawOtherText	2026-08-13
eb17e9571bf17cdfb2b5189b4b3993cccde58b2878899435fe2acc56348de0ea	dara-grantmaker-only-via-arrl	rawOtherText	2026-08-13
7209e1e9d5bc16e1b7933204ad2d2be8b55b9fb1585e80fdb106d0e9d8a9a025	dara-grantmaker-only-via-arrl	summary	2026-08-04
374ca083fda485cd20b3d7bac19b913656ba3f6ac255f6632c8c1e161f73a00a	dara-grantmaker-only-via-arrl	summary	2026-08-13
eaabb447d1d83c450658486f3e7e22e0a48ff85e389dbce7095f8c737575d780	far-domain-compromised	amount.amountRaw	2026-08-04
e3b0c44298fc1c149afbf4c8996fb92427ae41e4649b934ca495991b7852b855	far-domain-compromised	amount.amountRaw	2026-08-13
903ea500e7ccf842c1312b6c2f964e3e98ff146456cecec717e9a0e122bf735f	far-domain-compromised	amount.awardCountRaw	2026-08-04
4f53cda18c2baa0c0354bb5f9a3ecbe5ed12ab4d8e11ba873c2f11161202b945	far-domain-compromised	constraints	2026-08-04
947d34b757f732d55846b31fef9e2ddcb8e6cdd0996af8fca4a84340619e30aa	far-domain-compromised	deadline.note	2026-08-04
4f53cda18c2baa0c0354bb5f9a3ecbe5ed12ab4d8e11ba873c2f11161202b945	far-domain-compromised	fundingRestrictions	2026-08-04
5d83e273121600807274de917c6ddfc733c91dd179f969e7b99068c887072088	far-domain-compromised	rawOtherText	2026-08-04
e3b0c44298fc1c149afbf4c8996fb92427ae41e4649b934ca495991b7852b855	far-domain-compromised	rawOtherText	2026-08-13
f6993249aed33d7096452d2e8814175af4a5760b0bc8083e788e0e68b69e83ef	far-domain-compromised	rawOtherText	2026-08-13
189c5fa4c49211281b0d60fac63dc603b8127165f02e760638c7bec276c37045	far-domain-compromised	summary	2026-08-04
8235394cafce80885a0711663c8ba0d2ca102979265fe7c2d7662a18b87147f6	flexradio-no-education-tier	amount.amountRaw	2026-08-04
e3b0c44298fc1c149afbf4c8996fb92427ae41e4649b934ca495991b7852b855	flexradio-no-education-tier	amount.amountRaw	2026-08-13
903ea500e7ccf842c1312b6c2f964e3e98ff146456cecec717e9a0e122bf735f	flexradio-no-education-tier	amount.awardCountRaw	2026-08-04
4f53cda18c2baa0c0354bb5f9a3ecbe5ed12ab4d8e11ba873c2f11161202b945	flexradio-no-education-tier	constraints	2026-08-04
8693bb764abe9cea6cef972e0428a0cb7187ebc367b67e8983cd7d6e06a3ec14	flexradio-no-education-tier	deadline.note	2026-08-04
4f53cda18c2baa0c0354bb5f9a3ecbe5ed12ab4d8e11ba873c2f11161202b945	flexradio-no-education-tier	fundingRestrictions	2026-08-04
793d0d734e57230be27f1afa88f8a1ed76a79fa5ddc718bf225d217ad11fb7e4	flexradio-no-education-tier	rawOtherText	2026-08-04
21199d901d984df04387340c2887606fd4a8c1abbc3562b45f699d317d4565b3	flexradio-no-education-tier	rawOtherText	2026-08-13
e3b0c44298fc1c149afbf4c8996fb92427ae41e4649b934ca495991b7852b855	flexradio-no-education-tier	rawOtherText	2026-08-13
bb8b20244920281f42f2fea3e7b39fd4c2d74e371adae13cdb286043982f6c6c	flexradio-no-education-tier	summary	2026-08-04
9020d47282d7b9d7fc973ce898d22b56186bdf9ed259842f20e005ebde98ed0b	flexradio-no-education-tier	summary	2026-08-13
3e5b9a4a511e84fda69f1d9879cd26bc2a7c0f39f0fc89f3dfcf3ad260323c45	ieee-mtt-s-student-awards	amount.amountRaw	2026-08-04
e3b0c44298fc1c149afbf4c8996fb92427ae41e4649b934ca495991b7852b855	ieee-mtt-s-student-awards	amount.amountRaw	2026-08-13
b6348560496f0d57d9661f9c912fd611dcfdfece14ac5c656cdda55934ef3cb2	ieee-mtt-s-student-awards	amount.awardCountRaw	2026-08-04
e3b0c44298fc1c149afbf4c8996fb92427ae41e4649b934ca495991b7852b855	ieee-mtt-s-student-awards	amount.awardCountRaw	2026-08-13
c9ba4444acc3f8ba204c34a1dcc94b0899b35b5b2d9cb03789fdfb344c2b6fc7	ieee-mtt-s-student-awards	constraints	2026-08-04
4f53cda18c2baa0c0354bb5f9a3ecbe5ed12ab4d8e11ba873c2f11161202b945	ieee-mtt-s-student-awards	constraints	2026-08-13
be43d394ac1c84520e78d8ff539fd1791aee9ce72278fbced5f7cd98824ca449	ieee-mtt-s-student-awards	deadline.note	2026-08-04
4f53cda18c2baa0c0354bb5f9a3ecbe5ed12ab4d8e11ba873c2f11161202b945	ieee-mtt-s-student-awards	fundingRestrictions	2026-08-04
9fff7ecadf791fe0cac15b5c82466b6ff8ec96d0552ec9a27a0e411f5ce38727	ieee-mtt-s-student-awards	rawOtherText	2026-08-04
61d2d71107fa41db8bbe0b5bea7089a344da7cadb89160b3bb7c00cf5722c088	ieee-mtt-s-student-awards	rawOtherText	2026-08-13
e3b0c44298fc1c149afbf4c8996fb92427ae41e4649b934ca495991b7852b855	ieee-mtt-s-student-awards	rawOtherText	2026-08-13
0ab3e1c570ab6b688799da18326edb1e8949d5cbdb4f338485b1c0c2b31e6933	ieee-mtt-s-student-awards	summary	2026-08-04
cf923eba0a3d78f3e7f9ae941741e19a83fc0f062806e089c35fc4121d3e1cf1	ieee-mtt-s-student-awards	summary	2026-08-13
3bd81cf763c7f4a93418f393caf900505c75b35bd635c64772355340cc114a1f	ieee-mtts-chapter-support	amount.amountRaw	2026-08-04
69fece0e573c9db7cae4906b366a9441bb6dedda329c5edc1f861c36ff9ac949	ieee-mtts-chapter-support	amount.awardCountRaw	2026-08-04
8b3a03bd2fb19e6baa42612b99bc095945fdb36b636ad9a0cada94856465f7c7	ieee-mtts-chapter-support	constraints	2026-08-04
14bc12241fb34f31c42d7273b791d108c4d2297abddbf429d0932ac49e6931ab	ieee-mtts-chapter-support	deadline.note	2026-08-04
4f53cda18c2baa0c0354bb5f9a3ecbe5ed12ab4d8e11ba873c2f11161202b945	ieee-mtts-chapter-support	fundingRestrictions	2026-08-04
67926c08379784b9a0678dcbfbbac1ba77b02f183b27e6c26051506df49d8b4c	ieee-mtts-chapter-support	rawOtherText	2026-08-04
626822504c18c044964692adff9a6c9f81bee92f368e1b66e1fb6ba412dd2ae8	ieee-mtts-chapter-support	rawOtherText	2026-08-13
d10660a3d9dbfb81f937d4827d600513fe3963fe67542e7a1ed9b67fa780adff	ieee-mtts-chapter-support	rawOtherText	2026-08-13
9470bf79f5363df657f88e3646a9fb14f9e36fdc77aebe29a448e424aebab2a9	ieee-mtts-chapter-support	summary	2026-08-04
fb494a82465e3f7a75b9bcedf0b096a2c2ac1ae472dda36e27565f944199a10d	ieee-student-branch-rebate	amount.amountRaw	2026-08-04
e3b0c44298fc1c149afbf4c8996fb92427ae41e4649b934ca495991b7852b855	ieee-student-branch-rebate	amount.amountRaw	2026-08-13
86af76c53b5c6e4bdea74f4ab64d35d74d7ab310e7f14586ccfd449a494f56ca	ieee-student-branch-rebate	amount.awardCountRaw	2026-08-04
93138d59efb5aa841fb63931928667f641ddd954da01c6a3fe67cd0f902899d7	ieee-student-branch-rebate	constraints	2026-08-04
0c684ed43437e36859872999d8a8c90bb114848ee8600f2040914a825b95088d	ieee-student-branch-rebate	deadline.note	2026-08-04
4f53cda18c2baa0c0354bb5f9a3ecbe5ed12ab4d8e11ba873c2f11161202b945	ieee-student-branch-rebate	fundingRestrictions	2026-08-04
cea9c33cd9bc9d8677c99db1fab35a03cf550401e7c08e58ace7465304fa9fdc	ieee-student-branch-rebate	rawOtherText	2026-08-04
e3b0c44298fc1c149afbf4c8996fb92427ae41e4649b934ca495991b7852b855	ieee-student-branch-rebate	rawOtherText	2026-08-13
ef2685f8ad9df64d9aff62b204c9f0f12adf8b1014a2d1b20a1a03c3e27fa6e6	ieee-student-branch-rebate	rawOtherText	2026-08-13
1fd0ff13fcb3f334d44c37221e30a5daf44d8d65f54f2464e79c36acd2abee00	ieee-student-branch-rebate	summary	2026-08-04
e7928b587ecfe757f1f51075d5d8a6fb6998706bfea83c5445a6c0defde8ccb7	ieee-student-branch-rebate	summary	2026-08-13
7f349a8c6419ba57e60a7db6b5fdeca8d7be6b1482e53719ce9f81c69e8c637e	nasa-csli	amount.amountRaw	2026-08-04
7a25af4d692933a43cc7563da0e8796d1c522c0645662121febb93ce9b428b2a	nasa-csli	amount.amountRaw	2026-08-13
62bd0072bce92cbdd0c254da802dfb59d1cbddbf72836c6ab60d23b399165932	nasa-csli	amount.awardCountRaw	2026-08-04
e3b0c44298fc1c149afbf4c8996fb92427ae41e4649b934ca495991b7852b855	nasa-csli	amount.awardCountRaw	2026-08-13
d37a9829f2b8f9a713446c7e9b8b2f6c6c744668a9d55ad326b6daf3ad4e16ad	nasa-csli	constraints	2026-08-04
f33a2d71a610589432fd332cc15552bbe0d9374ade4ce6908d4b25de366c0672	nasa-csli	deadline.note	2026-08-04
91ca0683a80df12cc9befb38b3ac32f6fd4aa5f3961f5d1a606436e441aa2456	nasa-csli	fundingRestrictions	2026-08-04
4f53cda18c2baa0c0354bb5f9a3ecbe5ed12ab4d8e11ba873c2f11161202b945	nasa-csli	fundingRestrictions	2026-08-13
700cf68ba6669e7baf1afe858488a95bedc419704f4fe3d447bb3254e8fc4395	nasa-csli	rawOtherText	2026-08-04
e3b0c44298fc1c149afbf4c8996fb92427ae41e4649b934ca495991b7852b855	nasa-csli	rawOtherText	2026-08-13
e722c87f38d6f01e58d6794f812d7778af5c590855b83fe45d134fbc903bdf1c	nasa-csli	rawOtherText	2026-08-13
22768f529171e7037c6b030093c728c36d4e785e26bfd046ca6dff31c97cf7c7	nasa-csli	summary	2026-08-04
73250a94c4d0af7556e3693f111d0177b16be056c4b3ef8376e65505f0b7ede0	nasa-csli	summary	2026-08-13
c9e907c10788cb63e5c5d79d8fc3e5074fd4e65f3377fdf7e7dec1b9e0575ab9	nasa-space-grant	amount.amountRaw	2026-08-04
e3b0c44298fc1c149afbf4c8996fb92427ae41e4649b934ca495991b7852b855	nasa-space-grant	amount.amountRaw	2026-08-13
92e058113480342b1ac73140f085bae66d1f949cb49af34c8a4589b6fd2d144d	nasa-space-grant	amount.awardCountRaw	2026-08-04
e3b0c44298fc1c149afbf4c8996fb92427ae41e4649b934ca495991b7852b855	nasa-space-grant	amount.awardCountRaw	2026-08-13
9f207c462142fadbefd63c40a1324c8d2e84756ee192148f886e7c45c77447bb	nasa-space-grant	constraints	2026-08-04
9c924cd4f26d461dce27adb76a42899b44ef7be2cdd24f975998f8435f4b0391	nasa-space-grant	deadline.note	2026-08-04
4f53cda18c2baa0c0354bb5f9a3ecbe5ed12ab4d8e11ba873c2f11161202b945	nasa-space-grant	fundingRestrictions	2026-08-04
894dab085d730dd63b0bf80868bea3da1e01d689f7727be2cd59db7a3397f1eb	nasa-space-grant	rawOtherText	2026-08-04
992ce0f22ac08b1a5491d01aa1e388c4a5d31bce02914e4a0cfd0f6c887bed3c	nasa-space-grant	rawOtherText	2026-08-13
e3b0c44298fc1c149afbf4c8996fb92427ae41e4649b934ca495991b7852b855	nasa-space-grant	rawOtherText	2026-08-13
9734ab25c989fe5158e2bf0ef5a2fe6f75aac26e9b461e89a79485dabf55c5c4	nasa-space-grant	summary	2026-08-04
b4b52fae06c247f0e1a0447db0f181c242c75743b4d85628b4f2613fe97636aa	ncdxf-grant-program	amount.amountRaw	2026-08-04
e3b0c44298fc1c149afbf4c8996fb92427ae41e4649b934ca495991b7852b855	ncdxf-grant-program	amount.amountRaw	2026-08-13
f94ab77ce62defdef70d9df5fb6ff03865417d5a42eaadd742b10f407d08a71f	ncdxf-grant-program	amount.awardCountRaw	2026-08-04
e3b0c44298fc1c149afbf4c8996fb92427ae41e4649b934ca495991b7852b855	ncdxf-grant-program	amount.awardCountRaw	2026-08-13
b34e52e95e5bcd247f14cf0bb3c5b38a62ea2a688c7dbbea0335331bf98d5ec2	ncdxf-grant-program	constraints	2026-08-04
b9e1d3cb9d649577ea1f612d8c7032dbb0c4c9cc856cd249ba888b8bada64cf7	ncdxf-grant-program	constraints	2026-08-14
f19ad57def41c252cc42040b6f2e085111a5c7a4407734d60edda68c761df2dd	ncdxf-grant-program	deadline.note	2026-08-04
877107f7264f7c533dde44f130b03ce13c6f94deabdaf84c4beb2bc3d79a0932	ncdxf-grant-program	fundingRestrictions	2026-08-04
f370e4a91265453986ebd8f6d98cc78adfe61222e2847045f99cf8de3754dc1b	ncdxf-grant-program	rawOtherText	2026-08-04
b78ac0484f085a7ee208f8dc5bbfbc342878cc909934122327321399fccc7141	ncdxf-grant-program	rawOtherText	2026-08-13
df71ea14b030c91900bda276dc833963e84df6c471164340aaca3509b7255d75	ncdxf-grant-program	rawOtherText	2026-08-13
da908d9ffedfafa8c5a7a9d4d3323a56362952dd4c18af0dccedaf3ba3d7afc8	ncdxf-grant-program	summary	2026-08-04
99977bf3a2929805f66849f124bd26d444437c08f8c9737cad4532d12c7d63ee	ncdxf-grant-program	summary	2026-08-13
351ec36d0c63321cb5bd74c720d6ed5ce5135b8dcc78b0227a9ac78c367c1e30	ncdxf-w6een-scholarship	amount.amountRaw	2026-08-04
c1c4f4d7da4999980b3f99b218a16a3c938cf94661615e7bce90770d5c29dd21	ncdxf-w6een-scholarship	amount.amountRaw	2026-08-13
f94ab77ce62defdef70d9df5fb6ff03865417d5a42eaadd742b10f407d08a71f	ncdxf-w6een-scholarship	amount.awardCountRaw	2026-08-04
e3b0c44298fc1c149afbf4c8996fb92427ae41e4649b934ca495991b7852b855	ncdxf-w6een-scholarship	amount.awardCountRaw	2026-08-13
5c44a86ed776550e18fb7a6419a3de07beda53cca24fc7114439c8ec8c392713	ncdxf-w6een-scholarship	constraints	2026-08-04
c6425db92acd1b9b9dc9fcf0885bc6bbea875e4e64da4107beb8028a8be232d6	ncdxf-w6een-scholarship	deadline.note	2026-08-04
4f53cda18c2baa0c0354bb5f9a3ecbe5ed12ab4d8e11ba873c2f11161202b945	ncdxf-w6een-scholarship	fundingRestrictions	2026-08-04
baaf6ff916c9cc20958562e801e3e64983f5777adcb75f026760ab5412a4b17f	ncdxf-w6een-scholarship	rawOtherText	2026-08-04
e3b0c44298fc1c149afbf4c8996fb92427ae41e4649b934ca495991b7852b855	ncdxf-w6een-scholarship	rawOtherText	2026-08-13
6f41b06f7a22afe2a7b87e70dc6b6daf6fe4f81fd1db62f292692a11a28b1b37	ncdxf-w6een-scholarship	summary	2026-08-04
6d27799ef951b4fbdd6ca19236181a3809ef36cc53bfc17b4463c8fb6db02fd6	ncdxf-w6een-scholarship	summary	2026-08-13
a14d32d422b21616d4bc8bc00422eef78c89bc8f46674277c528eda220cc9eb0	ncdxf-youth-grant	amount.amountRaw	2026-08-04
e3b0c44298fc1c149afbf4c8996fb92427ae41e4649b934ca495991b7852b855	ncdxf-youth-grant	amount.amountRaw	2026-08-13
f94ab77ce62defdef70d9df5fb6ff03865417d5a42eaadd742b10f407d08a71f	ncdxf-youth-grant	amount.awardCountRaw	2026-08-04
e3b0c44298fc1c149afbf4c8996fb92427ae41e4649b934ca495991b7852b855	ncdxf-youth-grant	amount.awardCountRaw	2026-08-13
4f53cda18c2baa0c0354bb5f9a3ecbe5ed12ab4d8e11ba873c2f11161202b945	ncdxf-youth-grant	constraints	2026-08-04
e657ca377747c6e8f64f7532491189df0cdcdd07a30892dcf4c97b44ae7d417e	ncdxf-youth-grant	deadline.note	2026-08-04
4f53cda18c2baa0c0354bb5f9a3ecbe5ed12ab4d8e11ba873c2f11161202b945	ncdxf-youth-grant	fundingRestrictions	2026-08-04
8f1157b03068cb34baad845673f4b803286b3067f949f91c148c02c1c03f9fc0	ncdxf-youth-grant	rawOtherText	2026-08-04
d44fb93d446fafe4ff9d5cc2f4e85e7b641fa65fd45137eabd4a8bd68860d2a4	ncdxf-youth-grant	rawOtherText	2026-08-13
e3b0c44298fc1c149afbf4c8996fb92427ae41e4649b934ca495991b7852b855	ncdxf-youth-grant	rawOtherText	2026-08-13
818ba4b416d5e6e9998bfd01af4c5b4492b3924038975edabd4618ea05081379	ncdxf-youth-grant	summary	2026-08-04
b3b085da0286156bf5075d1dea37adec6f780085a1930fe2119a291387588ae8	rca-scholarship-program	amount.amountRaw	2026-08-04
e3b0c44298fc1c149afbf4c8996fb92427ae41e4649b934ca495991b7852b855	rca-scholarship-program	amount.amountRaw	2026-08-13
979bf2c121efb6bd2973f1095017a71c0caa879c717c368dddf533a8e4dc3d63	rca-scholarship-program	amount.awardCountRaw	2026-08-04
e3b0c44298fc1c149afbf4c8996fb92427ae41e4649b934ca495991b7852b855	rca-scholarship-program	amount.awardCountRaw	2026-08-13
a90fca6ffa5b47c3492ecc056c2b469bbe8fc5bbd08244632ef29d64a185a88a	rca-scholarship-program	constraints	2026-08-04
381157b76820bda1f0cda28f94218dbccc7b401d2b27e1e91ae49aee1f2f600e	rca-scholarship-program	deadline.note	2026-08-04
4f53cda18c2baa0c0354bb5f9a3ecbe5ed12ab4d8e11ba873c2f11161202b945	rca-scholarship-program	fundingRestrictions	2026-08-04
ff0cdfa9d7d09a170d35b0d7a240410a373ed69d74a302c06efd26f14388c580	rca-scholarship-program	rawOtherText	2026-08-04
e3b0c44298fc1c149afbf4c8996fb92427ae41e4649b934ca495991b7852b855	rca-scholarship-program	rawOtherText	2026-08-13
f45556dd14f2548470e73426cda8436b0f17b6c50f747a56b8e8ff3d779f838a	rca-scholarship-program	rawOtherText	2026-08-13
1bd72fa3b48144eadbbac4b07f39cee81ee90a67c6cca7deaf031c614458b7c5	rca-scholarship-program	summary	2026-08-04
327cff97ce4fda8264e07ed96d1af83e46b247c6071c9f2f16f413949670156c	rca-scholarship-program	summary	2026-08-13
9898ee5e901c18067de830981f8f67d839c8b86dff17a43a7f438cd99443c832	rca-youth-activities	amount.amountRaw	2026-08-04
e3b0c44298fc1c149afbf4c8996fb92427ae41e4649b934ca495991b7852b855	rca-youth-activities	amount.amountRaw	2026-08-13
f94ab77ce62defdef70d9df5fb6ff03865417d5a42eaadd742b10f407d08a71f	rca-youth-activities	amount.awardCountRaw	2026-08-04
e3b0c44298fc1c149afbf4c8996fb92427ae41e4649b934ca495991b7852b855	rca-youth-activities	amount.awardCountRaw	2026-08-13
4f53cda18c2baa0c0354bb5f9a3ecbe5ed12ab4d8e11ba873c2f11161202b945	rca-youth-activities	constraints	2026-08-04
1d09035436329eb188b65793ea38ed8130c1a73c043be0a5a0e428db461b52c2	rca-youth-activities	deadline.note	2026-08-04
4f53cda18c2baa0c0354bb5f9a3ecbe5ed12ab4d8e11ba873c2f11161202b945	rca-youth-activities	fundingRestrictions	2026-08-04
50326b00d91851485f2e6bc6a87960e1b545017a35a4a76db88025b17d63782b	rca-youth-activities	rawOtherText	2026-08-04
e3b0c44298fc1c149afbf4c8996fb92427ae41e4649b934ca495991b7852b855	rca-youth-activities	rawOtherText	2026-08-13
f5d0f947d8b48a3fa741217d580ab351858f0b022baa26a5b457c2ff770f58be	rca-youth-activities	summary	2026-08-04
8ad08df21132413962fddac48df44bd43e1fc40bacb59e0851233cf4cee1e1f8	sara-student-teacher-grants	amount.amountRaw	2026-08-04
32f0463b8a0812f3065602b803ac4001d725b09d3fd2ae4db486ac67d46e8f54	sara-student-teacher-grants	amount.amountRaw	2026-08-13
34ee2cc87ba7f7f602a4be9af673ce5b951ae3548e6a54177eca5f6b0c83a15c	sara-student-teacher-grants	amount.awardCountRaw	2026-08-04
aa02410bc3cfce74cd57155faa04d89ed38830ecd0c2fac99a028d1594283c78	sara-student-teacher-grants	amount.awardCountRaw	2026-08-13
80d797b266e0962df83fed19e43ba96da84c9b614f3134f83c3828b686f6ee8e	sara-student-teacher-grants	constraints	2026-08-04
3c8ee35e5b5eabc2f87501b334dca9e111cea5d64c997e4094dcd43342958a4c	sara-student-teacher-grants	constraints	2026-08-14
ef8db2f6a3cb8d74b4fa1535e35730f2122f3ad723f2dcb15a63c68977868dd2	sara-student-teacher-grants	deadline.note	2026-08-04
4f53cda18c2baa0c0354bb5f9a3ecbe5ed12ab4d8e11ba873c2f11161202b945	sara-student-teacher-grants	fundingRestrictions	2026-08-04
13dac38c5a0c211629db54a24ff283b6b97b46ff76b9d043e601b1f81ffe2194	sara-student-teacher-grants	rawOtherText	2026-08-04
e3b0c44298fc1c149afbf4c8996fb92427ae41e4649b934ca495991b7852b855	sara-student-teacher-grants	rawOtherText	2026-08-13
ee128e22096cc65aaf0f3a68e2a7414f7c5e0d6a04ff1a09757f11293a74ec54	sara-student-teacher-grants	rawOtherText	2026-08-13
282bf9cdefe7d6f4eb9d530e30da7469620a96a25555bf73d33b2c41faec8496	sara-student-teacher-grants	summary	2026-08-04
3d271e722c8d65058da72ae2840776b995f475d93957709ea10d133eddbc5f10	sara-student-teacher-grants	summary	2026-08-13
4b490c6d4edc1fb682099272d5696130ffc3bf7a4080a6f017c8eca2740c11a2	vendor-equipment-relationship-playbook	amount.amountRaw	2026-08-04
e3b0c44298fc1c149afbf4c8996fb92427ae41e4649b934ca495991b7852b855	vendor-equipment-relationship-playbook	amount.amountRaw	2026-08-13
4785dda5f43d787a9b7caec0db80a7f7cd2be7476761a3ac57a35ded7f0e79f9	vendor-equipment-relationship-playbook	amount.awardCountRaw	2026-08-04
e3b0c44298fc1c149afbf4c8996fb92427ae41e4649b934ca495991b7852b855	vendor-equipment-relationship-playbook	amount.awardCountRaw	2026-08-13
4f53cda18c2baa0c0354bb5f9a3ecbe5ed12ab4d8e11ba873c2f11161202b945	vendor-equipment-relationship-playbook	constraints	2026-08-04
798d78d38ee5fd9b9d9a01a2db36a6aace3ce85743e1f63b10adc9e99783074b	vendor-equipment-relationship-playbook	deadline.note	2026-08-04
4f53cda18c2baa0c0354bb5f9a3ecbe5ed12ab4d8e11ba873c2f11161202b945	vendor-equipment-relationship-playbook	fundingRestrictions	2026-08-04
2cc32d8802010ee249e523aaefaea64cbad6607e03cbb595d967f4fafaa207ee	vendor-equipment-relationship-playbook	rawOtherText	2026-08-04
e3b0c44298fc1c149afbf4c8996fb92427ae41e4649b934ca495991b7852b855	vendor-equipment-relationship-playbook	rawOtherText	2026-08-13
f3afac0b9af138b6f39e1cc32dfae7b8d7142ec6319d2329eda3249ea63075d1	vendor-equipment-relationship-playbook	rawOtherText	2026-08-13
e6567fbb0c18df6f74dfd4d4b290ee4dcf0904fb83fc4291129af35fcb55c5f7	vendor-equipment-relationship-playbook	summary	2026-08-04
bbf403bdb9ec86702603e0f79ca5f623a7d5cdd840af9fc8e44f96bce006f4be	vendor-equipment-relationship-playbook	summary	2026-08-13
296098720f47918efb1d46341109790789915a8266879761b084dedc07fe917a	yaesu-dr2x-repeater	amount.amountRaw	2026-08-04
ab83e7ca5e0b7eced0bbc049a5fb63f3f05a1b8f6ab1e05a7b97009e5eca19a0	yaesu-dr2x-repeater	amount.amountRaw	2026-08-13
f94ab77ce62defdef70d9df5fb6ff03865417d5a42eaadd742b10f407d08a71f	yaesu-dr2x-repeater	amount.awardCountRaw	2026-08-04
e3b0c44298fc1c149afbf4c8996fb92427ae41e4649b934ca495991b7852b855	yaesu-dr2x-repeater	amount.awardCountRaw	2026-08-13
4f53cda18c2baa0c0354bb5f9a3ecbe5ed12ab4d8e11ba873c2f11161202b945	yaesu-dr2x-repeater	constraints	2026-08-04
c522aa38e0cce21c9592c497e12b0850e6f1092af99e8ee3356d71bc763653db	yaesu-dr2x-repeater	deadline.note	2026-08-04
8514966b9b1887ba1ae50b7447ad1f1b3c5958bd4caec64cae6d5a6762cc42a2	yaesu-dr2x-repeater	fundingRestrictions	2026-08-04
87f77b954703e6a570809bc690916a7045d2a7adf36a192696d7d9fac518a477	yaesu-dr2x-repeater	rawOtherText	2026-08-04
6451355ec82083e48ee8169388c56c7afa5ec071b776f7a01b78f9a7dc13ed84	yaesu-dr2x-repeater	rawOtherText	2026-08-13
e3b0c44298fc1c149afbf4c8996fb92427ae41e4649b934ca495991b7852b855	yaesu-dr2x-repeater	rawOtherText	2026-08-13
aaec1554d409f44308ea54d414a390c6bc110a26a208563ac7431a244a2d94e6	yaesu-dr2x-repeater	summary	2026-08-04
6bc9aa41bd8e81741d028bf4df418f6a3531cbc0fb113fcdc80a7b06a69883ab	yaesu-dr2x-repeater	summary	2026-08-13
83db7c6748b558872e64221ba701b1bfd52749e7da4eec225a717115fdb0d6d3	yasme-supporting-grants	amount.amountRaw	2026-08-04
e3b0c44298fc1c149afbf4c8996fb92427ae41e4649b934ca495991b7852b855	yasme-supporting-grants	amount.amountRaw	2026-08-13
ab41b7a3c265e025e12e9b8b1b2bef1e38182d9b8e02d32beafc0756a46916af	yasme-supporting-grants	amount.awardCountRaw	2026-08-04
638f72192069bd464da5837a0e4baa707c4e236415fda85692b162a2c6114398	yasme-supporting-grants	constraints	2026-08-04
b202fcbf0c7e29b89e37203763be42f942d4102822f5e43f0044433d47afbf9a	yasme-supporting-grants	deadline.note	2026-08-04
4f53cda18c2baa0c0354bb5f9a3ecbe5ed12ab4d8e11ba873c2f11161202b945	yasme-supporting-grants	fundingRestrictions	2026-08-04
6d2a60e0ead92c365a0623edbe0b9540973824ad8fa9979177c6a7981e266e05	yasme-supporting-grants	rawOtherText	2026-08-04
680525d6bb38e561cc89264f1033b07659de3d97478a3ccd9da8a11c97d88ca1	yasme-supporting-grants	rawOtherText	2026-08-13
e3b0c44298fc1c149afbf4c8996fb92427ae41e4649b934ca495991b7852b855	yasme-supporting-grants	rawOtherText	2026-08-13
a4250e18e80572c91c9542c9e0ce6dbc7b861f51cdea83546304aa832a4302b9	yasme-supporting-grants	summary	2026-08-04
2d2f1fda764e775a913c7535d00376a90869b01f160345e6740ad13624765309	ylrl-ethel-smith-k4lmb	amount.amountRaw	2026-08-04
7d84af1354942ba8123c3f830dc32d14b68c5fbd5852449e4ec5a338b85edacd	ylrl-ethel-smith-k4lmb	amount.awardCountRaw	2026-08-04
e3b0c44298fc1c149afbf4c8996fb92427ae41e4649b934ca495991b7852b855	ylrl-ethel-smith-k4lmb	amount.awardCountRaw	2026-08-13
4d7cf3337821ed3536efd34920cf4943a067e968d7f9b6396b91c4b2a6d3dbc0	ylrl-ethel-smith-k4lmb	constraints	2026-08-04
9c44022ca60564a5c51e2658857cc718463045f65eaf0de1db126494325b2812	ylrl-ethel-smith-k4lmb	deadline.note	2026-08-04
4f53cda18c2baa0c0354bb5f9a3ecbe5ed12ab4d8e11ba873c2f11161202b945	ylrl-ethel-smith-k4lmb	fundingRestrictions	2026-08-04
90aebcf38f6850c9844e5ba9caf4bd47b0f6dca3835dc23901b53d16b3458871	ylrl-ethel-smith-k4lmb	rawOtherText	2026-08-04
b37169a0b3a4b9f28b2365c9af7162e8ad3b92556cfccc0b05f6951156c00787	ylrl-ethel-smith-k4lmb	rawOtherText	2026-08-13
e3b0c44298fc1c149afbf4c8996fb92427ae41e4649b934ca495991b7852b855	ylrl-ethel-smith-k4lmb	rawOtherText	2026-08-13
aafa01aaae6a9ec78765c357a36ffbf17383a9dad33024e1eff36abcb9dd0e6b	ylrl-ethel-smith-k4lmb	summary	2026-08-04
f479335aedf0d3a8139c1cea6585d38074eaafd812534da4bc42b477645ca0a9	ylrl-marte-wessel-k0epe	amount.amountRaw	2026-08-04
f94ab77ce62defdef70d9df5fb6ff03865417d5a42eaadd742b10f407d08a71f	ylrl-marte-wessel-k0epe	amount.awardCountRaw	2026-08-04
e3b0c44298fc1c149afbf4c8996fb92427ae41e4649b934ca495991b7852b855	ylrl-marte-wessel-k0epe	amount.awardCountRaw	2026-08-13
56098aa355bcac7640e08a5baa898113945e1d5955222cb9b21a187a7ab1e628	ylrl-marte-wessel-k0epe	constraints	2026-08-04
41c7b0c0b5e90ddd24b40f365393483f86a54017ed414b54240af4622d0de4d4	ylrl-marte-wessel-k0epe	deadline.note	2026-08-04
4f53cda18c2baa0c0354bb5f9a3ecbe5ed12ab4d8e11ba873c2f11161202b945	ylrl-marte-wessel-k0epe	fundingRestrictions	2026-08-04
fad274da51ecdf53cfde83627cec171456738caee617ac65c4aef894dde86d55	ylrl-marte-wessel-k0epe	rawOtherText	2026-08-04
bc6be156c1887f7bf5d6d75ad15ea496d8cc90b235cdcb0eba4e9ca3d2242f6c	ylrl-marte-wessel-k0epe	rawOtherText	2026-08-13
e3b0c44298fc1c149afbf4c8996fb92427ae41e4649b934ca495991b7852b855	ylrl-marte-wessel-k0epe	rawOtherText	2026-08-13
e4ed64aec49ded6e28bcd51b55da0abe5d3f48eb141c188d045c2b4a8bd6a69b	ylrl-marte-wessel-k0epe	summary	2026-08-04
6d49cdbaab4afdefaaab39f32f1871d3d8d8c97cdc49dcbb9807e5f265748d2e	ylrl-marte-wessel-k0epe	summary	2026-08-13
2d2f1fda764e775a913c7535d00376a90869b01f160345e6740ad13624765309	ylrl-mary-lou-brown-nm7n	amount.amountRaw	2026-08-04
f94ab77ce62defdef70d9df5fb6ff03865417d5a42eaadd742b10f407d08a71f	ylrl-mary-lou-brown-nm7n	amount.awardCountRaw	2026-08-04
e3b0c44298fc1c149afbf4c8996fb92427ae41e4649b934ca495991b7852b855	ylrl-mary-lou-brown-nm7n	amount.awardCountRaw	2026-08-13
603b1f66e9925431ff4132997f54e07cd159e22fc5d4d3d4d6111b7c374dc380	ylrl-mary-lou-brown-nm7n	constraints	2026-08-04
41c7b0c0b5e90ddd24b40f365393483f86a54017ed414b54240af4622d0de4d4	ylrl-mary-lou-brown-nm7n	deadline.note	2026-08-04
4f53cda18c2baa0c0354bb5f9a3ecbe5ed12ab4d8e11ba873c2f11161202b945	ylrl-mary-lou-brown-nm7n	fundingRestrictions	2026-08-04
f994a9ebbe147a65c786436556648b104533e6f1c4de803beb51ef71f0ca2266	ylrl-mary-lou-brown-nm7n	rawOtherText	2026-08-04
5ed4d5708d47785c945e16bf867fe44ef76bc03dface0af3b523e6ed7b559da6	ylrl-mary-lou-brown-nm7n	rawOtherText	2026-08-13
e3b0c44298fc1c149afbf4c8996fb92427ae41e4649b934ca495991b7852b855	ylrl-mary-lou-brown-nm7n	rawOtherText	2026-08-13
dfef9a7d74203cf59572bb70713cf738c684dbca808b628fd1b6ea709489caa4	ylrl-mary-lou-brown-nm7n	summary	2026-08-04
